idx,val
0,-43.38682398
1,100.106409
2,58.23510059
3,24.71673905
4,53.86306451
5,-60.91792632
6,47.30846342
7,14.96114995
8,0.00060632
9,124.7482361
10,97.26502303
11,12.81041153
12,61.25663005
13,39.81669818
14,56.89188048
15,-33.23789848
16,29.42590268
17,46.00279194
18,-42.82739682
19,-16.74560955
20,-3.017481255
21,-3.592630002
22,-34.9929817
23,-63.47169677
24,-37.89489396
25,-48.18669794
26,14.80080452
27,-61.52879377
28,30.48002692
29,21.70095531
30,34.45139552
31,2.577229714
32,-6.650506538
33,105.1299826
34,-34.0133064
35,10.90824579
36,50.43211963
37,-61.57010276
38,-36.46034038
39,-60.7848866
40,1.399734125
41,59.58855008
42,-41.05470292
43,21.60371728
44,8.272798276
45,-32.54446909
46,-102.6675791
47,-55.47251623
48,9.139309318
49,-42.07994277
50,11.26505303
51,-25.78662112
52,-53.07288329
53,6.269768233
54,-110.5931637
55,-0.810307954
56,-45.10739043
57,-117.6843709
58,6.150099927
59,-40.88796184
60,5.966968431
61,-7.062761282
62,-28.540039
63,10.76964057
64,101.5231817
65,32.84119389
66,-7.982706204
67,14.06202024
68,-13.80976103
69,45.54694586
70,78.54400843
71,-2.874073845
72,-54.82865079
73,45.01624105
74,34.1389593
75,116.6982135
76,-124.1474701
77,-39.35672454
78,-67.39063476
79,-23.08790848
80,45.74334393
81,-43.07106999
82,76.76505233
83,-85.09515373
84,15.38541709
85,15.17736889
86,102.8946081
87,-52.74749987
88,47.42240837
89,41.94873038
90,29.25980404
91,-8.092138057
92,-59.46117279
93,29.52523254
94,-67.91027188
95,21.59151491
96,-30.71776123
97,-0.311698928
98,-12.87743672
99,-121.6477967
100,1.101307502
101,-46.31501054
102,-16.31761849
103,-47.12575408
104,-99.88901923
105,-20.07696512
106,-17.56509029
107,-24.02870134
108,-84.30495043
109,-56.43142534
110,0.605384657
111,86.42871745
112,67.90140319
113,-102.6655711
114,25.83409304
115,30.60642954
116,-7.417423
117,37.08124107
118,-21.85305687
119,5.79950104
120,-7.37299143
121,-37.99610695
122,27.46567596
123,2.891154797
124,-71.71753883
125,-69.49833895
126,102.0272579
127,126.4794338
128,-28.51749733
129,-74.74364824
130,-3.184023854
131,-13.43058001
132,37.53249953
133,-52.16099857
134,-30.89647754
135,-42.44773937
136,-1.718483964
137,-4.448022885
138,-20.99860179
139,0.133614455
140,18.57780473
141,34.13554941
142,-3.539898733
143,28.04558925
144,-22.52968625
145,28.44797003
146,-22.68880013
147,29.08020329
148,23.55861855
149,-26.13734339
150,-15.63976594
151,-21.14929332
152,-49.99605888
153,-23.13408792
154,-24.61319284
155,51.78542722
156,-23.97600434
157,4.122562288
158,7.942235121
159,-18.18909414
160,-86.4505488
161,-36.30946054
162,-8.029256697
163,45.07955303
164,-31.88878603
165,-68.94451673
166,14.11614045
167,-20.51459147
168,8.274889868
169,-31.99331247
170,76.37237799
171,14.15681227
172,6.001718027
173,58.17658393
174,-55.1936958
175,34.39752036
176,22.33130885
177,82.35491969
178,61.86049726
179,-70.24779642
180,75.59238499
181,-34.98350959
182,64.10288864
183,33.67960415
184,9.090460824
185,-91.58062963
186,105.8484587
187,79.90545023
188,-58.60297548
189,79.82771143
190,-37.58748518
191,-7.575151402
192,21.31156556
193,-18.47766618
194,-14.92913872
195,27.51295748
196,88.13294776
197,-56.77457705
198,-40.65882209
199,-18.28373228
200,12.04644908
201,-8.060223739
202,-0.823490295
203,58.92722869
204,19.09573983
205,-12.29372856
206,-72.23866761
207,-85.89821646
208,-27.48327457
209,1.260617454
210,-15.8818651
211,33.09748903
212,-19.25601499
213,3.328551004
214,-7.74414698
215,-5.359608251
216,-83.24630935
217,23.54286776
218,18.54912281
219,-13.34997999
220,4.694410343
221,-57.45093321
222,-60.14921033
223,38.12669394
224,-33.44370167
225,2.875573856
226,-26.53753516
227,29.26014121
228,75.36310109
229,-23.59568452
230,62.66380793
231,37.93851102
232,-68.48972132
233,-55.58670659
234,73.6838899
235,56.71720373
236,100.5674458
237,54.3846666
238,-21.51092748
239,7.686227526
240,-97.32455999
241,4.75139137
242,-47.41451523
243,-15.54346298
244,-8.286380643
245,57.9469724
246,97.39160306
247,-21.94926415
248,-10.45378436
249,-42.43488706
250,-19.44943197
251,18.35646664
252,-88.06192771
253,-34.75519615
254,3.330449385
255,-50.57581526
256,47.59798042
257,24.94095199
258,-28.8290135
259,-35.83651179
260,58.53838811
261,17.58698734
262,29.83700565
263,3.475894612
264,40.31684739
265,41.53299599
266,64.41302856
267,-52.74098591
268,22.29701041
269,-35.9394344
270,13.09163417
271,113.3595993
272,-7.607828408
273,-74.45115821
274,-4.246359149
275,-73.61529277
276,-44.52085939
277,54.44349249
278,-1.643450643
279,-45.79367261
280,-15.90491616
281,36.97233606
282,-32.41175554
283,-25.1223739
284,-18.37481188
285,1.854969199
286,-15.26318277
287,-34.68160569
288,-57.54254518
289,-57.00045933
290,13.52838185
291,-87.68391406
292,-5.348969823
293,72.35911101
294,-38.88768426
295,-25.89695308
296,-20.86773922
297,10.84133989
298,7.187789993
299,-51.35270521
300,-65.32327534
301,85.84503806
302,-13.45778333
303,14.06711039
304,-19.73741286
305,16.50544026
306,129.4865714
307,136.389798
308,-34.87047756
309,-16.58849752
310,-43.55246379
311,57.02591249
312,49.62510947
313,-51.45483468
314,-6.958355389
315,39.43023437
316,-111.8435779
317,-100.4080102
318,-31.82164279
319,-35.11980133
320,-42.32951122
321,57.32653469
322,-21.37732038
323,27.19281402
324,58.63590676
325,60.63993327
326,-10.35520039
327,-12.60541113
328,26.59147104
329,50.43951074
330,59.89607832
331,-43.1796605
332,-6.579541313
333,-25.67561229
334,-31.44574598
335,-51.63816187
336,1.637180267
337,-36.41535017
338,4.376428876
339,47.89902607
340,18.35115617
341,98.88247635
342,-4.45209977
343,28.94526875
344,-24.35330887
345,-44.23914129
346,83.46758281
347,-38.59853543
348,24.99690518
349,-81.07698369
350,78.71901444
351,12.55333003
352,-0.550357338
353,42.3533472
354,-14.1920286
355,-16.07353883
356,-105.2710771
357,23.97668501
358,-59.29950114
359,38.18871387
360,116.1467503
361,-55.19740264
362,63.61886312
363,29.10489865
364,-34.22339832
365,-35.21005972
366,2.282251241
367,88.63630924
368,-50.81703921
369,8.71211562
370,5.587747772
371,-29.08877387
372,60.51167831
373,119.9300709
374,35.3825895
375,2.146525307
376,20.15436349
377,14.37318903
378,86.43566082
379,51.80411171
380,-76.131971
381,-1.267876021
382,7.77938377
383,6.744509191
384,31.44362825
385,-70.11713532
386,41.31357143
387,-26.8309892
388,-29.11050143
389,-121.5172257
390,-44.58993322
391,-17.70601369
392,-71.35060763
393,-24.94938756
394,88.9168624
395,90.0250446
396,12.41530187
397,15.63913982
398,-42.13662085
399,58.67868297
400,55.63218881
401,57.7291029
402,16.20941962
403,-15.74202065
404,-90.6699032
405,-8.613150388
406,30.67685666
407,-156.6450025
408,53.3138939
409,-48.21149579
410,-72.83129124
411,98.86359298
412,1.380133405
413,-7.079845773
414,-22.34935557
415,-21.59416307
416,-69.12246038
417,98.4767752
418,76.77859941
419,-78.80377414
420,37.11062879
421,-9.658353876
422,-54.00975156
423,-6.033144545
424,-19.99801688
425,135.1738041
426,-33.50796861
427,-27.44804658
428,10.58187383
429,25.97416181
430,-33.42248032
431,-29.61851692
432,66.21925291
433,-24.09667615
434,-110.1153662
435,-5.495107776
436,-27.34106553
437,-21.30096322
438,37.55192409
439,-7.0798981
440,7.905195888
441,63.40031152
442,46.72869059
443,-43.03757348
444,16.26179595
445,45.04677933
446,8.033412963
447,-37.3990738
448,-13.89107947
449,48.99717747
450,8.601224318
451,-31.86212958
452,-24.86677569
453,-87.50324889
454,7.667928861
455,23.21280254
456,-32.18050287
457,11.24157099
458,-51.73214865
459,-4.332540416
460,5.721989755
461,8.020455568
462,-43.42987019
463,-6.597793627
464,0.972268372
465,-1.714561499
466,-80.94258567
467,40.48344301
468,-11.54012403
469,26.78768695
470,-23.53484198
471,-4.606392348
472,-14.27742429
473,41.54992533
474,-18.17239404
475,41.48763463
476,0.444906031
477,-31.97145318
478,39.65332899
479,-51.93436012
480,-11.28357239
481,-7.949454494
482,73.68170469
483,62.28787343
484,28.13849042
485,2.898098102
486,48.92513288
487,-58.67354123
488,-26.78427893
489,-78.58953584
490,-16.11802762
491,-42.86053599
492,-114.0415354
493,48.46491818
494,11.44366688
495,39.73387407
496,-30.2775257
497,36.36317855
498,40.23170467
499,-16.47120367
500,-49.99467057
501,77.51963968
502,10.08305046
503,-40.13798254
504,-37.4497783
505,99.42157626
506,-47.54397504
507,46.74721156
508,63.93239938
509,-45.13150444
510,-25.92904362
511,116.1206711
512,14.53299402
513,39.574253
514,34.53728715
515,72.76355665
516,61.97224283
517,152.8571372
518,52.06031746
519,9.328772458
520,56.26520182
521,-18.45199605
522,-46.39854569
523,11.24403681
524,28.4349029
525,43.62715937
526,-27.3093833
527,-4.594690897
528,40.0536482
529,38.51200501
530,-37.82243961
531,45.47922197
532,-104.0837472
533,18.31910865
534,-46.2685986
535,-11.29501561
536,-5.291187636
537,-2.564252396
538,21.53653792
539,41.11045941
540,3.130282499
541,-100.1277792
542,-1.142875565
543,-12.22750992
544,117.3488656
545,23.16646226
546,66.44409395
547,-15.92622532
548,-48.84861342
549,28.69398237
550,-42.74124972
551,3.563050324
552,50.31808668
553,41.81641354
554,-25.96324154
555,24.65857584
556,83.66819748
557,152.1076973
558,-75.23862687
559,0.992884034
560,40.63431416
561,-36.61681018
562,-85.67411522
563,42.70407641
564,-46.97857582
565,-35.25454587
566,-23.68935122
567,-15.0880308
568,53.86469311
569,0.350473494
570,-50.81117359
571,-28.07332196
572,-15.86546479
573,-26.89827061
574,35.35274563
575,39.87617282
576,-67.0796456
577,61.57551672
578,-79.66433445
579,101.8127235
580,101.9940169
581,-44.2561244
582,40.49942334
583,35.35708813
584,-104.6678623
585,-3.524462786
586,28.16537429
587,-12.64769969
588,20.60250564
589,41.54707434
590,49.65723139
591,-50.41238658
592,97.07529925
593,-49.52464708
594,40.15325649
595,-47.28850271
596,-41.42214417
597,23.48871056
598,-0.553744513
599,-64.15748227
600,7.004746653
601,12.30943632
602,57.22590569
603,71.02258706
604,-41.41459177
605,36.18114959
606,51.00209942
607,46.34301552
608,29.83129162
609,40.95707093
610,-17.598432
611,70.09715518
612,25.30257214
613,56.18485963
614,23.31558584
615,39.9395879
616,7.976805837
617,-54.8739726
618,6.486657832
619,-121.5926394
620,-29.28930604
621,8.249277135
622,73.02959048
623,-76.61599626
624,0.220560823
625,-84.12164071
626,-9.012817314
627,-43.3094656
628,-101.9548592
629,-127.6214191
630,-14.60561144
631,85.12115108
632,-9.115239307
633,-38.26692273
634,5.323028804
635,-24.95107354
636,-68.72408704
637,-58.8257723
638,-51.80290743
639,-52.99550812
640,31.12536611
641,3.700549286
642,-80.8264554
643,58.68324254
644,-49.23633716
645,42.78509532
646,40.98993515
647,-7.876747003
648,-9.336830942
649,23.90115388
650,-67.07580401
651,10.35349099
652,37.00613229
653,-71.12844246
654,14.53999711
655,-18.71508198
656,32.35103439
657,-121.0328799
658,-88.56401208
659,-46.17874594
660,0.991242484
661,28.7952671
662,21.71920362
663,-65.15066805
664,39.4172569
665,-48.15172503
666,18.36549997
667,-24.75933664
668,-71.36652021
669,36.78427844
670,33.60561054
671,26.2004793
672,-76.98087751
673,-23.11163635
674,-14.86823402
675,19.8999039
676,2.145616272
677,23.59682389
678,-91.68110888
679,-20.1931174
680,53.38780967
681,10.59108324
682,1.070465892
683,-129.6103958
684,35.10743273
685,62.15322804
686,-74.28416706
687,-46.96599541
688,-2.658332759
689,12.16513541
690,31.3858724
691,38.24408154
692,40.40646238
693,58.54168554
694,75.28502343
695,39.77126809
696,-4.676897056
697,-7.73893505
698,32.81435554
699,22.20311344
700,-17.14288199
701,-10.14601917
702,54.1435272
703,-36.07677259
704,-75.08772026
705,6.723945887
706,45.02518216
707,1.960488411
708,32.70163355
709,1.687588546
710,-50.42263934
711,-34.87694082
712,-55.73377525
713,-18.15055471
714,81.5266135
715,24.61595366
716,-54.04366682
717,-105.9649884
718,-78.30810267
719,-88.41205774
720,82.66493927
721,39.80100032
722,24.37181408
723,-25.87792372
724,18.50716025
725,-15.2336562
726,-51.3346854
727,-49.49292452
728,34.29103804
729,41.66319631
730,40.02075149
731,-2.868052172
732,-29.69976181
733,86.52436866
734,11.46949588
735,-38.14150996
736,26.04248933
737,24.54316808
738,27.05517941
739,35.41776937
740,54.16582628
741,0.959940272
742,-62.80185576
743,-74.75348988
744,57.67850356
745,-16.89592418
746,-93.57597253
747,39.55497046
748,21.46861484
749,-38.98265688
750,-3.265444769
751,84.71739384
752,53.16228734
753,-12.56216252
754,-79.75107914
755,14.78331936
756,45.30552217
757,-105.1936046
758,13.4501934
759,-11.36070582
760,49.94075463
761,-15.00165205
762,-17.42988184
763,-36.81208177
764,12.58268708
765,62.35622146
766,4.790864146
767,-1.764329152
768,70.25704743
769,-52.69642388
770,14.47150302
771,54.06341171
772,-32.72842318
773,-13.56723597
774,-8.412768773
775,17.268346
776,-38.11882379
777,-22.03557179
778,88.56476673
779,-20.11329189
780,61.60174706
781,-16.14039414
782,10.16011095
783,-24.1886309
784,-43.43464709
785,-28.79304019
786,-1.845685925
787,-30.36848582
788,-34.9789453
789,-52.54400777
790,-32.83614957
791,-20.8493317
792,55.88496393
793,109.8858584
794,-33.85303727
795,-8.576692686
796,-26.11474708
797,75.21040204
798,16.29641212
799,83.54129368
800,1.773635791
801,61.36257602
802,1.565047155
803,82.46399405
804,55.80449074
805,-24.96681321
806,-33.96863637
807,45.57874312
808,-81.22676818
809,-25.0465723
810,-64.84950246
811,18.21095666
812,-101.2578174
813,-43.47250242
814,54.54202849
815,-23.93217662
816,-18.03599144
817,-38.09247619
818,-62.67797659
819,-56.77475041
820,0.536430026
821,-45.61691266
822,75.80169937
823,-73.74135988
824,10.55286782
825,-1.04951334
826,-54.04823461
827,-35.03282046
828,-40.51192676
829,-20.17504463
830,2.547463831
831,63.63892247
832,59.52135879
833,86.72793928
834,6.184237614
835,24.19636059
836,66.73908955
837,-113.1207275
838,-86.1770224
839,-12.66434075
840,27.37060566
841,26.95065172
842,10.65702605
843,32.12611446
844,-0.933496663
845,-63.13912868
846,32.81923938
847,-8.684263765
848,75.73389759
849,-51.90699094
850,-26.63647712
851,-44.87120395
852,-37.28171631
853,-22.65855755
854,48.32486048
855,-2.588653955
856,25.67983102
857,67.53156752
858,-19.22898205
859,56.9995899
860,4.329890106
861,-12.16811701
862,-50.17955503
863,4.021103714
864,8.91164519
865,1.911021315
866,15.7025571
867,24.81443934
868,1.817896366
869,77.53861675
870,-8.121620689
871,-32.33504439
872,-41.59498928
873,-22.53914341
874,133.5979568
875,-39.68721847
876,-92.97609366
877,20.03315423
878,22.01136943
879,-47.91113936
880,-37.16937649
881,-71.7375507
882,-5.94528122
883,-31.47361906
884,11.25235815
885,-9.024872063
886,37.94183029
887,-61.73797805
888,-5.050343845
889,-62.36298692
890,30.19691946
891,-29.56679858
892,56.88444683
893,-26.94680793
894,-26.13204613
895,-14.87762588
896,-5.954744298
897,-59.96796516
898,6.143682028
899,-0.142093179
900,-74.39838017
901,-11.40023821
902,45.57838471
903,-1.728450855
904,2.656665774
905,24.37329576
906,16.89258306
907,-47.76227066
908,69.41754393
909,84.1051294
910,-35.81010263
911,-39.43972519
912,-4.437284222
913,-36.14892929
914,9.45942225
915,-49.22717215
916,-13.87194633
917,21.13373247
918,82.6046875
919,-8.074574276
920,57.50091139
921,-73.60258533
922,42.95698842
923,-66.87388746
924,-42.81707163
925,-16.11267279
926,-69.02405971
927,78.04635713
928,15.7912134
929,39.52110593
930,-79.4561908
931,52.03820546
932,24.20777616
933,-64.35082393
934,3.972686158
935,15.94775933
936,-47.45614634
937,17.32448471
938,-9.584787607
939,103.2979013
940,14.41479921
941,-6.93995089
942,-61.37051456
943,79.88839073
944,46.09117792
945,6.217895653
946,-9.736289456
947,19.16913324
948,-43.98689944
949,-3.972832362
950,-32.24527563
951,-51.86874399
952,28.14640042
953,-94.08435514
954,-19.27970376
955,11.1165564
956,-22.39902468
957,12.05742132
958,4.097661867
959,-37.98033223
960,-29.79835586
961,31.70163712
962,23.7560624
963,-30.69547538
964,58.5023036
965,-7.7611071
966,-53.88318456
967,8.291744678
968,37.53437807
969,38.63489192
970,-11.03720413
971,-92.09379416
972,72.83480122
973,-141.0852242
974,40.63225396
975,36.39357326
976,-32.62423484
977,-53.87211114
978,20.5717121
979,5.398926819
980,-38.316643
981,-35.01238566
982,68.97571211
983,46.60932517
984,-56.40318709
985,-64.18312565
986,23.99747252
987,-88.19585142
988,26.07780328
989,78.394995
990,-7.344732378
991,-91.48205928
992,5.606478219
993,-1.676532692
994,14.97863266
995,15.46091313
996,-36.15224449
997,-14.7490579
998,-14.40753716
999,31.75418143
1000,-16.99207588
1001,-21.79211488
1002,17.35532595
1003,-57.66447517
1004,0.817010056
1005,68.94446796
1006,39.88718872
1007,-57.51682827
1008,-68.03421866
1009,128.7107648
1010,63.21121372
1011,68.84737755
1012,-13.37047078
1013,-16.60320505
1014,-32.64729639
1015,25.08635433
1016,-15.69241877
1017,-29.62078563
1018,16.43323928
1019,64.74186709
1020,2.63828645
1021,49.45994515
1022,13.67669739
1023,-19.46575123
1024,-88.62957057
1025,-106.0957965
1026,72.15510514
1027,44.96351326
1028,-40.05801588
1029,7.928558918
1030,69.00868537
1031,-36.35376654
1032,77.34100807
1033,15.52655733
1034,29.64498455
1035,24.72305474
1036,-39.8127836
1037,-47.95589167
1038,59.69254481
1039,-10.8034858
1040,72.40232557
1041,-29.66107383
1042,94.95730716
1043,-21.64310747
1044,-76.26508032
1045,10.400827
1046,-60.7108271
1047,-23.24873095
1048,17.11854125
1049,65.94267254
1050,-31.0572431
1051,-28.57091502
1052,7.017127124
1053,13.74512212
1054,-54.35493562
1055,-21.64900279
1056,140.2378497
1057,3.226698924
1058,-34.43550114
1059,11.24231589
1060,69.09851487
1061,-55.89268506
1062,10.76628162
1063,-68.38759916
1064,-30.3663391
1065,86.17943951
1066,-22.52493346
1067,43.20460229
1068,-34.95081809
1069,-7.707152076
1070,49.36376373
1071,3.380311142
1072,-107.9772241
1073,7.730469483
1074,-83.80852509
1075,-66.34351932
1076,-86.6449406
1077,-0.300953805
1078,-77.35828637
1079,-113.0584363
1080,-38.19689327
1081,27.19022399
1082,58.07536435
1083,54.50251556
1084,5.306144691
1085,31.33510167
1086,-31.07288902
1087,-15.16240831
1088,98.01688235
1089,57.80143482
1090,24.50180252
1091,57.40971017
1092,34.64854266
1093,-9.790470417
1094,26.83667733
1095,-56.41443023
1096,66.21382631
1097,-7.897232786
1098,2.838774701
1099,47.50951944
1100,36.72600675
1101,9.025457557
1102,11.97081856
1103,-9.368525034
1104,17.40988404
1105,-16.73745403
1106,16.75608064
1107,-27.96293113
1108,-37.41860188
1109,98.6997274
1110,-23.3110455
1111,-18.80178079
1112,46.09071101
1113,-20.46080211
1114,117.388466
1115,126.9022071
1116,5.339151996
1117,45.39570711
1118,74.17507178
1119,-19.85344905
1120,-54.83061676
1121,66.10050226
1122,46.13420448
1123,32.49576287
1124,-44.63331907
1125,29.81693332
1126,-54.07472279
1127,131.9556888
1128,-23.89981479
1129,82.52663749
1130,-16.51219715
1131,15.61101263
1132,-67.66066767
1133,-29.96307359
1134,25.13093345
1135,-2.077969745
1136,45.02801342
1137,15.49604679
1138,21.73494477
1139,62.77358964
1140,-109.7125476
1141,-34.40096287
1142,16.17751666
1143,-86.14767379
1144,-60.2224992
1145,26.8731087
1146,-31.17595319
1147,4.637211679
1148,-48.00699262
1149,-61.03618305
1150,11.11975493
1151,43.1402323
1152,-22.13030697
1153,23.19602535
1154,59.26437476
1155,52.66017204
1156,-25.51932888
1157,30.85847534
1158,36.08764072
1159,-12.2215
1160,-81.89731405
1161,-12.7202476
1162,69.18468796
1163,55.00145706
1164,-29.92586038
1165,-2.489487622
1166,24.98314639
1167,36.57239821
1168,-19.02209309
1169,-34.29636659
1170,-28.3921425
1171,-25.31013042
1172,-65.72398343
1173,-99.80330137
1174,3.682899969
1175,2.998828828
1176,-24.60213474
1177,56.78021336
1178,-17.12141088
1179,57.94653574
1180,-11.22323654
1181,-11.42045747
1182,-6.302709603
1183,82.50275647
1184,10.48471391
1185,41.44020655
1186,-10.24255733
1187,-36.75916835
1188,8.850599968
1189,21.73048863
1190,-78.69947992
1191,-76.52363712
1192,85.30182363
1193,-12.31318423
1194,18.91552272
1195,47.42262287
1196,-28.63052769
1197,-76.59637621
1198,-50.24971567
1199,-116.032195
1200,-44.90698627
1201,-87.06443304
1202,40.25048108
1203,10.69666984
1204,66.14056046
1205,44.97573554
1206,32.12242975
1207,-19.76182463
1208,28.54068818
1209,-30.54404042
1210,0.080117477
1211,44.99041859
1212,-48.70550649
1213,-15.98590542
1214,1.260126386
1215,92.71631415
1216,7.309928977
1217,82.48562017
1218,-13.72597339
1219,-42.83601141
1220,-16.66476924
1221,-37.75929202
1222,44.0248776
1223,-120.9877345
1224,-134.6029632
1225,-60.95591488
1226,105.0202992
1227,-108.3960483
1228,50.50501569
1229,-91.9238149
1230,-14.83321426
1231,11.04704086
1232,81.12159411
1233,-4.229731941
1234,38.89521411
1235,-0.576552237
1236,11.66748038
1237,-32.2733824
1238,-32.76561764
1239,-10.93508276
1240,68.8273067
1241,56.92446773
1242,-28.91804964
1243,-24.7575687
1244,59.77166421
1245,39.9722676
1246,1.796333978
1247,-105.5108823
1248,38.09329204
1249,3.980298398
1250,-39.59166246
1251,16.66734135
1252,10.1489408
1253,25.37775743
1254,-29.56293674
1255,-17.27775964
1256,-92.10049375
1257,-86.48808029
1258,33.66660356
1259,-0.97436963
1260,33.69417538
1261,-19.93565191
1262,-99.9112044
1263,25.03412731
1264,-2.938371746
1265,-49.99900741
1266,-54.87055242
1267,0.213194731
1268,-53.41382174
1269,57.27079549
1270,-13.37624586
1271,-18.10653046
1272,17.05766756
1273,26.27767984
1274,-66.35506846
1275,9.632364124
1276,61.12187279
1277,25.71239645
1278,22.8763815
1279,-48.286415
1280,-48.72731841
1281,-13.74984628
1282,-55.07956574
1283,-34.25395251
1284,98.00337833
1285,74.9604084
1286,-62.86619824
1287,23.73207724
1288,3.293005012
1289,96.48972645
1290,-43.66144197
1291,-1.768846926
1292,28.0768158
1293,56.45846227
1294,-6.01344548
1295,-66.37080739
1296,-24.13933467
1297,36.66611845
1298,-67.4911454
1299,8.265078741
1300,-60.01934586
1301,109.9457593
1302,56.57936153
1303,-80.04636105
1304,31.23866183
1305,-43.47082629
1306,-28.02218993
1307,-41.36121246
1308,26.27260981
1309,-21.15566529
1310,33.51666168
1311,-91.12483965
1312,35.21114451
1313,-21.99777024
1314,-10.66454272
1315,-49.78401406
1316,-20.34684708
1317,35.19549698
1318,-11.16607256
1319,-42.15238691
1320,2.064413871
1321,-29.56568219
1322,57.12948859
1323,-9.053717523
1324,59.79642425
1325,8.101628299
1326,63.91346646
1327,28.99035131
1328,-17.52519288
1329,-61.51267509
1330,46.40851364
1331,-9.756706777
1332,-10.02464484
1333,-67.95570215
1334,-38.44089233
1335,-53.90098702
1336,-29.11080469
1337,64.32413083
1338,-41.26367678
1339,-18.92119755
1340,-38.52698801
1341,-26.3326609
1342,-24.31531883
1343,11.85874876
1344,13.91144333
1345,-69.6815777
1346,36.28602128
1347,-31.12869474
1348,35.37114766
1349,-23.11649705
1350,31.31828169
1351,-101.2631793
1352,-32.03452685
1353,29.7841523
1354,54.44460004
1355,-2.852866802
1356,-113.5001572
1357,-18.66028116
1358,11.79042816
1359,-70.11698831
1360,73.14546274
1361,22.40554481
1362,-115.3071027
1363,28.87122088
1364,1.492414748
1365,-53.78311632
1366,-50.80154423
1367,4.644951327
1368,25.9797421
1369,-15.31594574
1370,-72.53946144
1371,-4.182798075
1372,12.63330041
1373,37.7103094
1374,-3.156843917
1375,58.58022963
1376,14.86232389
1377,88.03383339
1378,-57.78561676
1379,-29.66651917
1380,-47.76191847
1381,11.96504698
1382,-19.23482519
1383,53.40103093
1384,29.05213465
1385,-11.28469002
1386,7.174016342
1387,-76.49136299
1388,33.17932398
1389,89.34290591
1390,-35.74081256
1391,13.59026265
1392,-57.23936072
1393,-80.37134966
1394,-102.3907051
1395,-76.39882645
1396,59.87910533
1397,-17.6963491
1398,-20.21377326
1399,28.18661946
1400,12.15371593
1401,1.578940154
1402,-59.91343379
1403,-119.6242675
1404,45.22847146
1405,21.48750153
1406,-81.02268254
1407,46.50859985
1408,-19.78860733
1409,-30.48208279
1410,-62.61965798
1411,-29.59444072
1412,-13.88826832
1413,53.14004756
1414,37.7830439
1415,-10.87479532
1416,11.27977205
1417,-30.29444668
1418,56.86451288
1419,85.02679766
1420,1.656303775
1421,-15.97727319
1422,-6.690375492
1423,9.532616111
1424,-60.64265833
1425,81.87681346
1426,19.73009912
1427,93.41349867
1428,48.27001532
1429,-6.209485825
1430,-60.14724288
1431,2.883148964
1432,92.59836172
1433,-18.19577428
1434,-32.88311872
1435,-31.3487316
1436,-15.81456709
1437,-22.51228344
1438,-10.61580625
1439,33.38683168
1440,65.75096596
1441,-62.04956271
1442,-30.73078367
1443,-0.84446443
1444,-8.179962915
1445,26.24093363
1446,44.82498447
1447,33.55322389
1448,27.91956315
1449,-16.13974662
1450,95.86951023
1451,12.38988617
1452,-74.60741521
1453,-84.76418918
1454,-10.50629096
1455,94.55097366
1456,88.05274467
1457,13.9463114
1458,-8.201782707
1459,25.26812601
1460,-56.05028229
1461,19.10857701
1462,4.75605476
1463,-27.27623963
1464,16.25480038
1465,-119.641733
1466,-102.6432215
1467,-50.55587193
1468,-36.56713434
1469,-22.54617338
1470,-11.50149869
1471,7.090848696
1472,38.1010804
1473,2.130489141
1474,-14.74918035
1475,-24.29341808
1476,-44.81674308
1477,-35.09423812
1478,-24.09969582
1479,19.92035296
1480,4.021406279
1481,-93.17305095
1482,98.22556451
1483,-11.74110716
1484,94.19095565
1485,4.204770643
1486,-14.85435451
1487,-22.04062489
1488,36.10234739
1489,-46.85709515
1490,25.62594553
1491,-26.18612159
1492,6.232939168
1493,-70.1962585
1494,5.05409276
1495,-20.28125515
1496,80.00038606
1497,-50.54267528
1498,38.01125057
1499,-23.32067641
1500,0.271007965
1501,-3.64938512
1502,38.72059321
1503,17.7821884
1504,72.54096816
1505,12.84220877
1506,-70.27980161
1507,-22.20030885
1508,-62.28236948
1509,18.09004568
1510,-26.28343939
1511,21.62217087
1512,-36.51299238
1513,1.712816829
1514,-57.51580003
1515,-74.05368951
1516,-106.125879
1517,0.006548308
1518,-59.17825744
1519,-28.7699827
1520,-5.165909042
1521,-46.62504469
1522,-7.171663664
1523,12.92629398
1524,9.201798856
1525,-96.9548347
1526,27.01066899
1527,-38.24754437
1528,-3.638919089
1529,46.33231332
1530,-74.34556741
1531,-7.900694945
1532,32.04885905
1533,-10.66255778
1534,68.64148027
1535,82.64457484
1536,33.39859229
1537,61.22250152
1538,57.88369131
1539,47.65081282
1540,42.60872052
1541,85.47224798
1542,-129.1446509
1543,-46.82859705
1544,-60.7075822
1545,25.28549198
1546,-48.92794515
1547,-21.36510727
1548,-9.823113611
1549,-8.224676124
1550,-13.06668983
1551,11.56036427
1552,29.49105882
1553,-23.92510422
1554,34.08353347
1555,-30.68765185
1556,-25.22034686
1557,47.39862314
1558,26.89819852
1559,147.3420318
1560,-23.99158937
1561,-7.604166826
1562,72.40437384
1563,-51.73047298
1564,32.66841489
1565,-25.39637684
1566,52.59738261
1567,30.59797459
1568,100.7275973
1569,1.947690869
1570,-43.86765341
1571,20.44615826
1572,-45.28945783
1573,29.25405859
1574,-46.98082215
1575,9.1746016
1576,-5.434241198
1577,69.29001698
1578,-34.45862212
1579,-6.964307832
1580,1.379490166
1581,22.68515684
1582,-70.43340314
1583,-12.85286263
1584,-11.32174296
1585,-72.32811533
1586,7.516592286
1587,16.76252808
1588,36.49984383
1589,32.27382431
1590,22.46094454
1591,24.27708817
1592,31.42366903
1593,32.03781516
1594,93.11673116
1595,-8.626801799
1596,-38.2017335
1597,87.46388157
1598,101.3116395
1599,50.25692483
1600,34.39129967
1601,-40.85471212
1602,-9.345886271
1603,40.80304434
1604,23.01828809
1605,-45.49679584
1606,74.59666338
1607,-26.37076555
1608,-42.54492191
1609,-56.93841588
1610,51.75508302
1611,18.76376467
1612,61.63227154
1613,13.69751968
1614,14.14387226
1615,-1.828012409
1616,-9.146875523
1617,49.9025644
1618,3.204220746
1619,-52.8632277
1620,-76.71755129
1621,55.31206306
1622,58.50769837
1623,-25.94082777
1624,-32.6364829
1625,8.376698758
1626,40.58807707
1627,15.31815862
1628,75.1151446
1629,0.057512069
1630,-2.72745626
1631,-45.33895538
1632,1.972871356
1633,41.03437169
1634,-94.05523802
1635,-80.15416114
1636,14.17489169
1637,44.35302475
1638,40.03949705
1639,63.67053405
1640,-41.73884834
1641,-9.77828644
1642,-87.00286372
1643,15.27896807
1644,18.3026918
1645,29.58756042
1646,-45.57263314
1647,-74.34003511
1648,13.60944907
1649,-65.6054751
1650,-31.66715731
1651,51.47375483
1652,36.385328
1653,47.79767422
1654,30.50666635
1655,68.15060064
1656,-11.65555577
1657,-42.01029124
1658,64.61101651
1659,57.48305018
1660,-11.72400155
1661,-6.352707776
1662,-104.6538226
1663,26.35279407
1664,-24.55082953
1665,-25.14387658
1666,14.27336524
1667,29.15004305
1668,7.242635637
1669,-27.99589103
1670,-5.687386714
1671,-86.98491197
1672,51.88460783
1673,-33.93285983
1674,-121.3154352
1675,68.89216108
1676,39.03746429
1677,-27.40419188
1678,-54.40078133
1679,100.7864058
1680,71.85518363
1681,4.391542195
1682,58.21826032
1683,92.30995534
1684,17.45699204
1685,-21.25590714
1686,85.07959985
1687,-56.15838044
1688,21.99163599
1689,-117.8462691
1690,-52.19676993
1691,-0.956822351
1692,-20.68601291
1693,3.125232511
1694,41.71487497
1695,-35.06029175
1696,-85.27890201
1697,28.22210003
1698,-22.25565716
1699,-20.27369092
1700,18.93970037
1701,27.48279398
1702,-84.16409405
1703,48.98906987
1704,12.00480137
1705,-14.57248861
1706,-43.46349934
1707,99.75265737
1708,-31.11599228
1709,7.764247926
1710,-15.58014146
1711,64.87820669
1712,-49.61758836
1713,-31.70762697
1714,51.81691745
1715,20.75734127
1716,59.59529543
1717,-15.33488744
1718,24.80736943
1719,-8.905756522
1720,-49.68095552
1721,0.243890968
1722,14.48927774
1723,4.941139242
1724,32.76862178
1725,-68.86548506
1726,36.00423212
1727,50.02195157
1728,22.6134797
1729,-118.8535581
1730,-9.371517823
1731,-58.14422151
1732,-0.497147816
1733,0.075971275
1734,-33.2029502
1735,-31.47827886
1736,-89.61132037
1737,-93.92202127
1738,92.29430043
1739,-12.49815684
1740,18.46757934
1741,-17.27827659
1742,-20.55907355
1743,72.73058647
1744,-53.34466083
1745,-87.5207984
1746,-16.5747588
1747,-36.09660624
1748,-0.743486386
1749,-4.232763085
1750,-5.523451263
1751,-28.29927386
1752,21.34672916
1753,85.86819183
1754,3.326961598
1755,-39.70077033
1756,83.98318589
1757,10.37662188
1758,-55.28717196
1759,-60.75823569
1760,87.69511917
1761,49.12711104
1762,-38.30307789
1763,-31.02123899
1764,14.15109121
1765,34.54708713
1766,56.3222786
1767,-46.64245505
1768,-34.55353046
1769,-69.73502601
1770,36.98058808
1771,-126.9945582
1772,22.88399085
1773,-35.79774137
1774,103.0409867
1775,-1.05742285
1776,78.51676712
1777,46.53048951
1778,87.22730631
1779,5.51159324
1780,6.382956214
1781,-5.25174938
1782,-10.71822553
1783,45.47061046
1784,-38.44304259
1785,6.892128949
1786,21.23901905
1787,18.61432752
1788,28.01608243
1789,43.23606441
1790,-66.52436146
1791,-4.335868169
1792,-2.57103357
1793,-65.82062747
1794,103.7794131
1795,21.2956198
1796,-92.3554335
1797,50.00795889
1798,-77.69325526
1799,-24.32979801
1800,-44.8916934
1801,-57.28851145
1802,41.16455004
1803,11.50764063
1804,8.452114071
1805,74.40726961
1806,36.84204667
1807,37.79221588
1808,37.74732358
1809,-9.547764815
1810,-44.58167969
1811,62.84354912
1812,62.68672529
1813,-57.99629155
1814,52.34107442
1815,7.651962055
1816,27.11664917
1817,37.61763014
1818,-13.52805404
1819,28.67888891
1820,49.09386242
1821,-114.5665098
1822,92.38910902
1823,19.43311562
1824,-29.38234235
1825,-30.00210709
1826,-115.8668439
1827,-20.49486347
1828,-42.38390599
1829,-37.14873989
1830,-87.29460925
1831,31.73783323
1832,50.15590817
1833,-9.959089663
1834,-42.05386764
1835,10.99991254
1836,44.18606076
1837,25.02198291
1838,89.9685171
1839,-7.531596738
1840,-42.02004362
1841,21.76978315
1842,-4.756793694
1843,38.22924813
1844,43.47808926
1845,79.06336668
1846,29.81806262
1847,27.81827627
1848,-89.36414032
1849,69.73188447
1850,3.445719409
1851,-3.692563062
1852,14.12519725
1853,-43.04027742
1854,-5.663195052
1855,-2.110808673
1856,62.73855577
1857,-77.14770838
1858,-31.63159965
1859,-37.68561217
1860,91.10815934
1861,-56.85868158
1862,35.24443838
1863,-84.26351675
1864,67.68223018
1865,-4.63457329
1866,122.4634736
1867,-25.21319915
1868,-17.33986844
1869,-16.62559982
1870,-74.94792998
1871,-19.57278371
1872,36.26665477
1873,12.89441762
1874,-9.838255753
1875,-15.42408941
1876,-10.908626
1877,-52.90833851
1878,56.55209991
1879,31.78517766
1880,-17.09680628
1881,-42.7232514
1882,-33.51930132
1883,2.584297693
1884,-44.10311426
1885,40.63282856
1886,0.782892388
1887,-7.44745308
1888,-26.46618739
1889,-38.91266544
1890,-23.34207762
1891,6.72754946
1892,-0.669213406
1893,6.876145099
1894,39.44732126
1895,-3.256323015
1896,-9.346500371
1897,-37.26957669
1898,25.61112551
1899,-22.85623805
1900,61.06576671
1901,-39.07634494
1902,0.160215041
1903,12.91784916
1904,-50.52864691
1905,14.08102007
1906,-27.43470107
1907,6.072658189
1908,62.54317377
1909,38.13072548
1910,-8.684794541
1911,-14.97746125
1912,-27.69767465
1913,48.36059489
1914,-70.39574337
1915,-6.355436202
1916,-44.33966966
1917,26.23622076
1918,-28.4876956
1919,-34.8952605
1920,-110.9827413
1921,19.52600208
1922,56.31803095
1923,19.90478225
1924,15.85833114
1925,62.38694792
1926,-76.68760297
1927,45.54810627
1928,-83.24119637
1929,17.08480905
1930,-44.17811996
1931,-94.36391224
1932,-30.50336646
1933,-83.197735
1934,-16.70105185
1935,-13.36771677
1936,70.48844338
1937,-14.57336707
1938,-35.71770407
1939,-40.29430234
1940,34.59322451
1941,105.9276103
1942,-48.34885368
1943,76.98453444
1944,17.7292738
1945,-8.369038566
1946,-59.02818854
1947,88.17185274
1948,-4.272041445
1949,55.8056495
1950,60.08776455
1951,-34.75935524
1952,-32.95493636
1953,50.41761937
1954,9.6665244
1955,-62.33077724
1956,-45.36688117
1957,27.84914117
1958,32.61592092
1959,59.05702426
1960,-34.90424927
1961,119.6758203
1962,-34.31835813
1963,-22.72005036
1964,41.61069539
1965,-86.93777123
1966,-83.67566136
1967,20.24985062
1968,-21.60029557
1969,-8.360787898
1970,26.01882597
1971,-59.63704345
1972,0.763212555
1973,-96.80522322
1974,19.83446417
1975,43.4954748
1976,-23.27384429
1977,6.398675843
1978,-56.76963645
1979,-51.06369892
1980,55.44781816
1981,13.42740996
1982,17.11234981
1983,1.865614986
1984,-10.20849865
1985,-50.30618698
1986,13.70160046
1987,-26.13695968
1988,37.59584161
1989,-9.509312065
1990,5.363780161
1991,-18.59930468
1992,-47.98840299
1993,67.93463199
1994,-26.6617674
1995,-20.35989403
1996,-21.49289318
1997,-24.26081671
1998,-38.46611726
1999,-27.69362505
2000,-20.79896118
2001,-4.601986246
2002,1.91549489
2003,-58.34835604
2004,71.87352432
2005,22.9922482
2006,-77.55780374
2007,45.76302768
2008,21.03961034
2009,-75.42572053
2010,-53.90614451
2011,87.91119721
2012,23.42702821
2013,-5.031503083
2014,49.18668508
2015,52.21590032
2016,126.9660278
2017,-57.45733627
2018,56.58421427
2019,44.17408543
2020,5.951964359
2021,-7.924185836
2022,-53.18812639
2023,-4.388708968
2024,-63.95301142
2025,25.1815977
2026,-16.1793294
2027,-90.18450652
2028,-35.91852115
2029,-34.88330595
2030,12.49664641
2031,-67.64906086
2032,39.59620314
2033,66.24725449
2034,113.0464708
2035,86.93025635
2036,-40.59993771
2037,63.21457705
2038,10.641542
2039,-92.65031354
2040,9.798491632
2041,18.12277117
2042,-7.490801968
2043,-26.29977027
2044,-49.61781823
2045,83.01461422
2046,131.320668
2047,65.04548587
2048,-7.820139874
2049,-8.193243648
2050,0.546219551
2051,-6.265272573
2052,9.193462743
2053,-82.2829151
2054,-10.65635489
2055,84.67420117
2056,-85.04486269
2057,-41.84510408
2058,21.51383315
2059,72.85626748
2060,-47.12621103
2061,115.9162014
2062,95.63790309
2063,45.81128733
2064,-56.48190206
2065,-28.9549513
2066,1.761767246
2067,93.22926892
2068,29.90957166
2069,-72.50711083
2070,-39.6323883
2071,-94.78272031
2072,29.62332681
2073,-33.44998632
2074,-42.05902509
2075,56.62096052
2076,-41.89604234
2077,-18.93711067
2078,-18.66128782
2079,70.84796736
2080,29.01744814
2081,36.78719216
2082,6.914426469
2083,1.17748461
2084,96.04144364
2085,44.24390081
2086,33.72199532
2087,33.43876064
2088,-65.52507629
2089,11.06356314
2090,6.298261407
2091,84.58860338
2092,-9.393805021
2093,7.984371303
2094,13.10702779
2095,-10.45813149
2096,-8.125658161
2097,-36.89337724
2098,-11.38173328
2099,53.74081961
2100,93.72842625
2101,18.86919067
2102,-21.8124398
2103,-39.74411293
2104,-67.57497698
2105,41.78629297
2106,-54.11616114
2107,45.67877407
2108,9.717434487
2109,-10.66822081
2110,21.93336391
2111,78.41264195
2112,-29.28926884
2113,63.18971485
2114,48.90629868
2115,-35.29110028
2116,87.41291398
2117,4.963120721
2118,-89.79798022
2119,72.13096159
2120,82.78680533
2121,52.41041797
2122,-9.073078966
2123,-18.06486278
2124,-3.004607729
2125,-32.8347171
2126,60.5055105
2127,42.57948437
2128,17.53579405
2129,28.33582701
2130,-39.69511233
2131,-28.49250989
2132,-14.23476073
2133,63.45642879
2134,-76.20760546
2135,32.76621037
2136,10.0211258
2137,45.21298886
2138,21.22202138
2139,36.00978998
2140,-43.68443283
2141,-21.23744086
2142,-38.99870137
2143,-47.58055066
2144,50.66238514
2145,46.00102941
2146,42.91031288
2147,-52.52517833
2148,61.31286422
2149,35.27593611
2150,-22.87471973
2151,19.89345649
2152,-51.34819849
2153,-13.77873175
2154,-39.04877867
2155,32.9613791
2156,4.899801084
2157,0.66440268
2158,-34.89254389
2159,10.13842822
2160,-45.25846853
2161,-54.78529318
2162,-15.91404782
2163,-58.22191247
2164,35.34088319
2165,-6.436341694
2166,-51.23380921
2167,39.1629143
2168,-63.61151093
2169,-10.82620521
2170,-83.43461657
2171,5.574903313
2172,-99.98439453
2173,25.63392225
2174,32.50855547
2175,6.863500122
2176,46.66013571
2177,8.699383483
2178,-0.721396474
2179,26.17998845
2180,-91.10544776
2181,71.76280496
2182,-65.37989055
2183,-43.37029135
2184,-1.860183222
2185,-14.72740401
2186,-12.39413996
2187,62.47459823
2188,-108.6405195
2189,52.3861034
2190,-14.31332376
2191,-0.492953644
2192,-12.2694546
2193,-32.88252204
2194,16.77570308
2195,-59.79287281
2196,-15.92635902
2197,39.99022324
2198,28.17320604
2199,1.971510836
2200,50.10618173
2201,97.08190539
2202,-81.59582613
2203,-24.1262821
2204,-9.738304968
2205,71.69387587
2206,60.88587233
2207,45.10269083
2208,9.293505673
2209,-1.64739495
2210,1.932318545
2211,-54.80850406
2212,80.09456832
2213,-53.76249782
2214,-60.99466251
2215,-68.28895584
2216,1.645705155
2217,-90.73494591
2218,6.984185011
2219,-2.072306404
2220,-14.38223311
2221,1.761114294
2222,54.81014168
2223,11.0488014
2224,0.553564113
2225,-6.836352636
2226,0.006459226
2227,-20.53987518
2228,45.53870823
2229,3.315346618
2230,27.94555585
2231,54.48826094
2232,46.66980303
2233,-20.43526805
2234,-98.32939282
2235,16.56962298
2236,21.98887102
2237,-61.58836134
2238,11.15137068
2239,-28.12052559
2240,-89.59974623
2241,-16.37737944
2242,42.05277899
2243,-52.87365641
2244,49.65522525
2245,43.12099745
2246,56.39753751
2247,-9.873315336
2248,31.09698051
2249,10.71488386
2250,-61.28915783
2251,57.86692792
2252,39.51692007
2253,-67.06140537
2254,-16.60462585
2255,58.52636481
2256,-8.328824848
2257,30.56916214
2258,-30.14564963
2259,-33.93237273
2260,-73.83313999
2261,-32.6740602
2262,-30.53935637
2263,-15.04338361
2264,5.172140592
2265,-64.61622776
2266,31.75843629
2267,-46.20644269
2268,22.74528254
2269,21.88041712
2270,-17.36650957
2271,-99.64293799
2272,10.4248401
2273,-84.5010603
2274,-81.62626236
2275,-41.89816744
2276,-5.546466254
2277,76.56133516
2278,25.85541839
2279,-7.264920894
2280,-51.85355609
2281,-62.64864498
2282,4.572618584
2283,63.04866894
2284,-31.23598316
2285,-31.05034716
2286,34.02313209
2287,31.86867827
2288,39.62066735
2289,-54.42888359
2290,9.641719471
2291,-33.91244794
2292,22.41220097
2293,37.89843648
2294,74.99530094
2295,21.37520667
2296,-4.40440443
2297,-37.86721323
2298,-28.6542937
2299,34.72464239
2300,-28.06779532
2301,45.15474317
2302,-17.43733337
2303,-20.08885067
2304,61.51953533
2305,-35.63601151
2306,43.32758703
2307,83.04701983
2308,59.05366505
2309,51.4436744
2310,-58.05471888
2311,12.05674232
2312,-35.23903268
2313,-38.53113452
2314,-18.68360294
2315,-34.97878588
2316,25.75126278
2317,30.47734838
2318,-35.52674036
2319,97.53388801
2320,-43.46484155
2321,36.34946097
2322,-79.80219287
2323,-4.601647042
2324,13.04415233
2325,-9.664892522
2326,-4.034921303
2327,19.8318059
2328,38.11359534
2329,14.26244039
2330,-17.46586637
2331,-3.974891109
2332,74.3188337
2333,26.53278896
2334,-32.67160715
2335,7.728103949
2336,-90.12637375
2337,3.549253716
2338,22.98005049
2339,10.47325247
2340,82.81713388
2341,-20.88830356
2342,-60.61880454
2343,-110.4689473
2344,-46.71056197
2345,-18.71402091
2346,-18.37453363
2347,-14.06291459
2348,-80.00070998
2349,-2.277515546
2350,53.24444305
2351,-24.77309253
2352,-8.226762511
2353,-32.5697836
2354,-29.81715767
2355,-40.2974293
2356,-96.23433953
2357,-23.08289852
2358,-71.24963064
2359,45.09167732
2360,32.71245148
2361,90.17933135
2362,16.80968389
2363,93.56254087
2364,-43.98080177
2365,-98.04209935
2366,-76.47701564
2367,2.698304059
2368,-8.001974858
2369,-64.80171439
2370,-28.2522324
2371,-22.68975851
2372,-25.61032546
2373,5.362020419
2374,2.242938811
2375,47.83328769
2376,4.908583898
2377,-92.86053724
2378,13.21628073
2379,-13.28790455
2380,-0.703135287
2381,32.90549539
2382,29.68096443
2383,-51.34113037
2384,76.58378622
2385,27.85107327
2386,67.4581603
2387,8.348789406
2388,-14.2798845
2389,-24.90988859
2390,-5.261779531
2391,-1.799939524
2392,79.29163899
2393,-19.32351958
2394,22.61869942
2395,-14.08672982
2396,-57.14077229
2397,-42.28415273
2398,7.532750617
2399,68.93525835
2400,46.37457945
2401,-60.97503761
2402,17.36839434
2403,-30.96202987
2404,16.76515245
2405,4.036603743
2406,-53.99269047
2407,58.48402243
2408,-79.98187659
2409,-60.00814125
2410,30.63625605
2411,41.39837218
2412,22.74315907
2413,16.68370231
2414,-17.15846306
2415,6.869157802
2416,-49.89771036
2417,94.03906411
2418,16.85934092
2419,-11.08070983
2420,3.621277046
2421,18.73970021
2422,-76.22068148
2423,11.7719183
2424,-12.53522271
2425,-45.09908981
2426,-63.36539882
2427,0.597787301
2428,6.269756199
2429,-59.14764892
2430,32.31649944
2431,-59.4736732
2432,-37.9931414
2433,10.07351402
2434,-10.4318311
2435,-5.912785976
2436,-29.1665438
2437,31.35247112
2438,-6.221868964
2439,19.33253024
2440,-9.453479793
2441,12.56935957
2442,65.28602876
2443,5.353338174
2444,24.62345277
2445,24.98158456
2446,-46.75618806
2447,-20.45684397
2448,-157.462771
2449,57.80600814
2450,29.51146615
2451,63.40292774
2452,28.92007767
2453,92.22750093
2454,-43.19864729
2455,6.286220519
2456,20.4687883
2457,-54.29314984
2458,48.21775894
2459,29.94667372
2460,-15.01590462
2461,72.4558036
2462,24.50194701
2463,18.35655706
2464,-42.62221902
2465,-50.62825078
2466,4.21952193
2467,-37.1460767
2468,-89.13809491
2469,-37.64434911
2470,-38.95151595
2471,-68.58262346
2472,-78.64694771
2473,-25.76270858
2474,4.724455216
2475,-56.96709228
2476,6.897990443
2477,14.94478984
2478,104.8959107
2479,1.692116393
2480,-10.2176678
2481,-90.98738719
2482,38.61203879
2483,-12.25375566
2484,-39.92022273
2485,-95.4344863
2486,-53.48261906
2487,16.45320033
2488,137.6119161
2489,14.74942932
2490,43.38092876
2491,-17.18861455
2492,28.72158114
2493,-16.20412691
2494,-83.35873124
2495,66.10525523
2496,-4.017442315
2497,9.959826142
2498,40.51556846
2499,131.7241072
2500,39.22818024
2501,-6.080428811
2502,12.28468463
2503,-13.66157017
2504,-19.00725827
2505,-22.9686556
2506,60.15171583
2507,-34.5145978
2508,-61.24930775
2509,31.34441388
2510,-14.383415
2511,-9.802381684
2512,-23.70451319
2513,29.87236198
2514,44.26895662
2515,-78.04381092
2516,8.656670974
2517,48.75712359
2518,128.5192
2519,25.86628913
2520,-0.224352462
2521,-57.71845602
2522,-5.081533766
2523,-11.62117336
2524,5.339787176
2525,-85.0231285
2526,91.59958011
2527,23.1402783
2528,27.72864048
2529,14.41243134
2530,-7.539275194
2531,7.553593286
2532,-53.34824806
2533,40.74266056
2534,-2.04782455
2535,15.07622463
2536,-13.14127254
2537,-85.65870119
2538,22.91151915
2539,-58.39602073
2540,14.21199091
2541,79.92794693
2542,-9.906532252
2543,33.19700909
2544,0.720910264
2545,-56.63698717
2546,-0.347664013
2547,48.71717197
2548,76.1664446
2549,-20.46484885
2550,-15.7483063
2551,27.97909218
2552,35.50757945
2553,31.25330919
2554,-78.60365098
2555,3.426167867
2556,7.625266385
2557,-28.98113303
2558,35.73314848
2559,35.91614035
2560,-98.72953484
2561,-52.70242095
2562,-70.32777117
2563,10.9179978
2564,-1.523829681
2565,-53.62368291
2566,91.09670916
2567,-17.50861177
2568,-20.72490835
2569,-122.4136005
2570,-150.2958827
2571,-51.7219839
2572,9.514227893
2573,-48.16685462
2574,90.69396282
2575,-79.02185076
2576,19.18175493
2577,-115.4532136
2578,37.45500348
2579,-46.59680476
2580,-56.80312343
2581,-36.68043532
2582,-29.1349215
2583,48.45893427
2584,75.297594
2585,-68.57147646
2586,-63.20906449
2587,-31.46045445
2588,147.3861124
2589,41.57294099
2590,47.9026263
2591,-18.85802606
2592,-43.35126796
2593,-31.27017411
2594,-2.145029677
2595,-71.95466345
2596,-11.31630892
2597,-47.39238757
2598,89.18385184
2599,-141.6563206
2600,-93.47135274
2601,38.49299842
2602,-27.36893412
2603,34.3750559
2604,0.120438345
2605,128.3055893
2606,17.26091899
2607,61.80763858
2608,-11.78901999
2609,23.79366988
2610,-5.604066952
2611,-12.47776789
2612,41.18124853
2613,42.99678904
2614,25.53907665
2615,-23.2095484
2616,6.644518653
2617,9.056946497
2618,68.9954983
2619,71.09922337
2620,-48.21340295
2621,81.88648032
2622,-11.83211977
2623,41.24906797
2624,168.7616842
2625,-58.0843809
2626,-80.05843615
2627,-90.82298231
2628,49.78198396
2629,33.04708521
2630,125.7848517
2631,-0.38714329
2632,-7.818530632
2633,18.68582241
2634,-5.467295707
2635,77.92488674
2636,46.93521335
2637,33.77562303
2638,20.30294317
2639,-72.72449167
2640,69.36075499
2641,7.464192179
2642,-71.4867357
2643,98.74843365
2644,12.4958253
2645,-1.120193925
2646,-2.957463611
2647,-37.39162113
2648,-56.88799151
2649,1.007738877
2650,21.33092883
2651,-35.1741599
2652,-61.43835447
2653,13.3993275
2654,28.52574845
2655,7.300987285
2656,-20.53540122
2657,-19.66981144
2658,-26.08801815
2659,-15.60502253
2660,-12.04015734
2661,-55.92862914
2662,-28.71738668
2663,-5.387028742
2664,34.83423612
2665,-21.17196041
2666,0.426363717
2667,-27.42442527
2668,19.39335488
2669,37.97131703
2670,-8.198785245
2671,36.97067087
2672,45.6025256
2673,16.85377507
2674,68.58032703
2675,-44.4315365
2676,19.02156229
2677,46.33049049
2678,-59.47940382
2679,108.9893743
2680,-90.44313889
2681,16.33061899
2682,-2.510398074
2683,104.2243776
2684,-15.0077424
2685,55.84322712
2686,-89.67212168
2687,0.687162342
2688,-59.79096824
2689,43.83308625
2690,-25.41130149
2691,56.42601977
2692,109.9176643
2693,-13.48323923
2694,10.93027792
2695,-44.08698197
2696,26.35736423
2697,9.51150085
2698,-113.9040649
2699,69.64400349
2700,-57.58439856
2701,65.36245054
2702,-12.89257536
2703,73.19136315
2704,76.33613544
2705,15.77213245
2706,-31.0582504
2707,-73.71416756
2708,-22.36408501
2709,61.85709977
2710,-36.68523426
2711,56.74373398
2712,53.83168007
2713,2.123865218
2714,9.700137813
2715,11.27604815
2716,-37.27974049
2717,-4.431363482
2718,-81.33300771
2719,12.33042704
2720,-19.63320943
2721,-17.85120028
2722,-6.554980267
2723,80.88010939
2724,41.06895227
2725,25.14172693
2726,21.74946597
2727,-8.970618436
2728,-32.71908954
2729,1.127603083
2730,60.0727332
2731,-105.2712119
2732,11.07063432
2733,60.77282001
2734,45.24132718
2735,31.60900053
2736,-19.12581252
2737,32.45010259
2738,18.76386032
2739,-67.82366752
2740,-56.38496702
2741,-59.13175195
2742,2.590726242
2743,-88.27061018
2744,3.66472526
2745,-3.812902496
2746,-7.057608034
2747,2.601932054
2748,28.22212155
2749,-3.878176179
2750,-40.42263227
2751,-13.44106162
2752,61.3409087
2753,19.62573037
2754,19.28246822
2755,1.091309388
2756,-21.26662732
2757,-17.62770796
2758,43.44870994
2759,53.66023936
2760,-69.16898179
2761,75.55109909
2762,93.90656567
2763,-77.70083102
2764,-116.7503735
2765,-51.8699278
2766,-39.55527361
2767,-21.62086817
2768,-19.70415813
2769,35.46722247
2770,-13.54725078
2771,13.29214563
2772,27.25399312
2773,66.13897743
2774,35.77435804
2775,-32.37220674
2776,-60.3654051
2777,1.284596714
2778,33.031558
2779,-23.99248348
2780,-15.91861988
2781,-27.25919193
2782,-56.45479221
2783,5.58245795
2784,40.89633838
2785,18.05614448
2786,65.66634165
2787,-25.54506305
2788,-10.52493523
2789,-33.27696997
2790,41.97615317
2791,0.143236153
2792,-79.32123667
2793,5.858882289
2794,22.71665092
2795,-16.85579842
2796,42.01146709
2797,-32.54597526
2798,-56.26235405
2799,33.19882989
2800,61.95567215
2801,-56.71841376
2802,57.29284977
2803,-87.53719382
2804,31.01477013
2805,30.53380275
2806,41.33399957
2807,-10.12982194
2808,-94.84391263
2809,-12.65176271
2810,-76.67938078
2811,74.34420024
2812,23.31687803
2813,29.73204573
2814,-69.7461277
2815,0.986179913
2816,4.431139515
2817,-32.48973082
2818,2.387626015
2819,41.16081235
2820,73.43419346
2821,-41.36605061
2822,-37.01955648
2823,32.45981673
2824,-11.16809807
2825,7.122442815
2826,-83.73976398
2827,-37.10607861
2828,6.761638029
2829,-28.67148361
2830,74.2819004
2831,57.27367146
2832,13.90440878
2833,-57.18741118
2834,-30.20176665
2835,19.77356185
2836,-20.63764884
2837,-47.9678748
2838,-51.70109732
2839,-42.7664685
2840,3.831586464
2841,-2.523150383
2842,-94.41870109
2843,-91.9071148
2844,29.3551655
2845,18.02962138
2846,10.88688708
2847,2.73778657
2848,-17.85837237
2849,-65.25492565
2850,1.240415907
2851,1.041430827
2852,19.05541627
2853,27.203661
2854,-14.61032993
2855,-17.20334128
2856,-20.16736868
2857,-61.33959471
2858,20.36775897
2859,-7.575736894
2860,89.87186401
2861,-55.57834961
2862,-93.95972775
2863,45.63951783
2864,-53.64988176
2865,61.70860156
2866,-72.99936347
2867,5.012823609
2868,42.86881158
2869,-40.16569332
2870,-92.99436043
2871,103.3437656
2872,79.22296762
2873,63.93160316
2874,-16.12470994
2875,22.42299081
2876,34.78431915
2877,9.859497854
2878,-13.4478718
2879,-35.30861614
2880,-1.096137095
2881,34.09575618
2882,0.268362398
2883,15.9461906
2884,-11.57242754
2885,-73.67869437
2886,-75.83083628
2887,-64.43946161
2888,19.09104027
2889,-30.50784033
2890,-2.202993552
2891,53.17129226
2892,54.90899301
2893,-33.36762224
2894,20.02126146
2895,73.54728145
2896,40.39885607
2897,14.49589678
2898,-11.11452828
2899,-28.54915538
2900,-3.528227344
2901,83.16268719
2902,16.21105953
2903,-29.03305436
2904,-52.79516577
2905,30.12118893
2906,-32.79428994
2907,32.29323241
2908,33.4328228
2909,-23.03761579
2910,-0.027849996
2911,-45.72534131
2912,-3.870523201
2913,-37.07550836
2914,-15.43343623
2915,-30.06790172
2916,-82.22201635
2917,-95.48341724
2918,-63.16665292
2919,-80.92112999
2920,-35.32424136
2921,-2.548725321
2922,13.07637687
2923,-31.98882586
2924,35.02509868
2925,-14.27059014
2926,30.8025836
2927,-76.22507694
2928,28.42437678
2929,30.44479811
2930,-35.88468729
2931,2.454404114
2932,3.771941386
2933,-21.72482824
2934,-43.56614858
2935,86.61129134
2936,-35.11316534
2937,86.32775209
2938,-67.91917317
2939,-9.999589304
2940,-52.40309787
2941,124.2409806
2942,-6.437430706
2943,-40.5040782
2944,20.49349831
2945,-65.21868259
2946,82.37104783
2947,-26.55508869
2948,-6.850449267
2949,42.79641408
2950,-34.97377567
2951,-25.7320292
2952,-4.192950582
2953,88.09051999
2954,-10.88517952
2955,37.30127305
2956,-93.89487946
2957,44.12039547
2958,75.05634609
2959,-13.6861124
2960,-83.42778946
2961,-31.64706357
2962,-6.167169074
2963,24.28959367
2964,5.821559712
2965,-28.60226829
2966,36.93051088
2967,70.88754123
2968,104.292729
2969,26.46776207
2970,15.00361422
2971,84.90388629
2972,-50.19840541
2973,-90.06270566
2974,6.864369353
2975,4.534025926
2976,43.50095977
2977,-13.08461652
2978,-50.49890452
2979,79.47687475
2980,-99.01568855
2981,20.34426532
2982,36.95053619
2983,93.99415846
2984,-49.99250927
2985,-2.86128849
2986,-5.795058064
2987,-42.66830078
2988,63.38353355
2989,-85.39695887
2990,18.28976312
2991,4.785374866
2992,9.439353047
2993,1.685680198
2994,-45.10713307
2995,57.50956018
2996,104.0438578
2997,-6.574724896
2998,-124.344728
2999,97.45421841
3000,43.52724748
3001,-54.17527671
3002,-30.81487815
3003,-20.85568758
3004,-49.04667181
3005,28.10134918
3006,22.07104694
3007,32.9944609
3008,103.7289353
3009,-38.61440507
3010,10.73436955
3011,-17.11276476
3012,-13.87239695
3013,-75.30281844
3014,89.56774273
3015,-49.29023574
3016,-43.95161047
3017,-81.31082695
3018,35.95726386
3019,34.3904865
3020,-97.37821019
3021,-18.62144128
3022,96.33865058
3023,-57.55776094
3024,35.80017407
3025,-59.47457745
3026,6.3043287
3027,-41.7868013
3028,-12.99737371
3029,75.1210162
3030,-25.62126464
3031,-8.553104382
3032,38.41456331
3033,-1.05693856
3034,-37.9380623
3035,1.397646936
3036,-33.33629596
3037,-44.51808053
3038,-118.9409266
3039,-33.32874199
3040,-9.513785008
3041,23.80177925
3042,-18.24397367
3043,53.70510556
3044,-34.17178312
3045,42.16331671
3046,62.57458843
3047,-95.38650643
3048,-0.894478134
3049,-70.22119083
3050,50.78455961
3051,-44.9933672
3052,-6.480532556
3053,21.85898152
3054,23.95660644
3055,-17.44834515
3056,-15.06768388
3057,144.0482605
3058,28.34850351
3059,-21.20456781
3060,-44.18680848
3061,45.90140102
3062,7.381316898
3063,-94.08697225
3064,20.38643459
3065,42.37766123
3066,-44.56083427
3067,18.81232496
3068,112.4356278
3069,-73.86578247
3070,17.59662788
3071,-88.93889908
3072,22.0718382
3073,9.752893982
3074,-15.64908829
3075,-28.82982005
3076,-69.54568783
3077,17.96851018
3078,9.913392425
3079,44.71694401
3080,-45.20030805
3081,-37.50200603
3082,-9.923595204
3083,18.1644752
3084,-63.50056716
3085,-1.235568049
3086,-53.64020784
3087,-36.25190269
3088,-17.28620545
3089,-49.56244209
3090,20.46282358
3091,45.28062936
3092,45.62259643
3093,-34.36021798
3094,-3.588976497
3095,41.36918422
3096,55.28025796
3097,38.75690015
3098,-73.65102221
3099,10.80985163
3100,-5.642173259
3101,-14.58145958
3102,8.934914855
3103,39.80982006
3104,-58.1683468
3105,-69.29753218
3106,-43.20454559
3107,-82.03146864
3108,-7.476368275
3109,-42.20001423
3110,-15.3596907
3111,79.62213431
3112,25.88513878
3113,-72.82757507
3114,-2.641882143
3115,19.8917116
3116,-64.32364186
3117,-1.764680985
3118,22.05924067
3119,-39.49028324
3120,11.338517
3121,95.68109101
3122,40.16707962
3123,50.50349931
3124,73.59740086
3125,-26.87409644
3126,-7.522927292
3127,53.07577802
3128,41.21728356
3129,-47.48556876
3130,22.3665825
3131,-25.85217118
3132,54.888006
3133,-74.83254272
3134,28.32369948
3135,18.88959905
3136,10.63109853
3137,3.40973622
3138,7.161463124
3139,7.295303955
3140,-59.48284607
3141,81.57514815
3142,-20.29544212
3143,-36.49592039
3144,7.359106468
3145,-66.83752906
3146,-14.08774717
3147,-90.79035656
3148,4.22690128
3149,85.94695156
3150,-3.078137533
3151,42.35358539
3152,76.11111512
3153,51.43003013
3154,74.15865322
3155,-64.37905655
3156,-78.92384679
3157,46.2627829
3158,21.65003674
3159,7.179277995
3160,7.639718891
3161,87.23735627
3162,64.32232554
3163,-41.49379064
3164,-25.20497932
3165,-69.00116766
3166,-40.46645679
3167,-36.54884466
3168,-135.7312064
3169,41.58281397
3170,28.66949559
3171,40.7934899
3172,31.13663061
3173,15.65650666
3174,95.88860665
3175,-26.19053639
3176,-35.86980097
3177,-25.20060826
3178,-16.12770257
3179,-13.78640061
3180,0.834376841
3181,44.59625333
3182,52.05902522
3183,-37.03625326
3184,24.4798307
3185,60.98838224
3186,44.55388244
3187,-95.46587604
3188,-40.79643346
3189,-135.2064573
3190,16.84618582
3191,-23.32111297
3192,56.03536404
3193,80.33825203
3194,27.87971246
3195,52.79153554
3196,48.16379562
3197,38.3671523
3198,16.98087837
3199,13.16967572
3200,-1.516156338
3201,-20.26041064
3202,-56.40448556
3203,-88.77986714
3204,-23.23731757
3205,31.07710823
3206,-63.89570017
3207,-45.1026951
3208,69.15001256
3209,111.7010636
3210,36.83672833
3211,-72.60118071
3212,-8.535023454
3213,21.94738908
3214,-11.87590586
3215,-11.77645541
3216,24.58425676
3217,-47.85263237
3218,-7.525674323
3219,37.76507334
3220,0.499280193
3221,-27.91778336
3222,-24.85410322
3223,39.38624967
3224,-20.8644322
3225,40.71068905
3226,-6.544348935
3227,-31.92685668
3228,21.35062067
3229,73.15094644
3230,39.70221172
3231,30.64846396
3232,-10.34820925
3233,29.42100713
3234,66.44899124
3235,55.04964682
3236,-42.28140886
3237,17.93556591
3238,-36.32922784
3239,105.3891606
3240,7.276615406
3241,41.78775516
3242,-77.12412085
3243,-62.54269051
3244,29.58896498
3245,-94.70343094
3246,-8.928903316
3247,32.59407975
3248,-30.40677884
3249,41.01787702
3250,19.59576336
3251,2.535776416
3252,-44.24382335
3253,29.72839393
3254,-15.86885427
3255,9.127207199
3256,-28.68320273
3257,61.46591755
3258,22.60887594
3259,-47.74795669
3260,-56.69805341
3261,17.30206614
3262,-108.3862913
3263,-56.26349033
3264,52.85782154
3265,-6.306025254
3266,-43.14625258
3267,-0.687025148
3268,-7.187487051
3269,-6.926974344
3270,-40.66452872
3271,23.69743453
3272,78.63250524
3273,-80.57030394
3274,52.16162774
3275,-52.08919809
3276,54.13758336
3277,66.68224471
3278,95.4651808
3279,-19.36414759
3280,4.256967904
3281,31.90210656
3282,-27.26401397
3283,15.27922217
3284,45.45064248
3285,-19.22990541
3286,46.86234433
3287,62.33945133
3288,-7.019874119
3289,-57.65484777
3290,30.21961416
3291,-34.72562009
3292,17.40795045
3293,37.25053589
3294,63.90583269
3295,-3.736985325
3296,4.902094496
3297,8.284308053
3298,16.58558125
3299,-73.1884007
3300,64.4557136
3301,104.3862401
3302,-66.43143014
3303,20.55276035
3304,94.30375894
3305,-22.45606022
3306,-19.17803838
3307,89.39975077
3308,21.61668677
3309,55.23486331
3310,40.98361778
3311,-31.91517593
3312,-20.71863363
3313,49.42546486
3314,36.59616652
3315,-42.74143155
3316,-35.36214998
3317,20.77662056
3318,-65.17657963
3319,-68.63965499
3320,74.72253704
3321,54.69260425
3322,-7.966831662
3323,20.23761367
3324,-45.64024762
3325,-10.28437664
3326,-52.0307707
3327,-66.65432532
3328,-64.79498393
3329,5.12181867
3330,81.24222997
3331,36.39937085
3332,55.15708721
3333,66.93087398
3334,-21.77574306
3335,45.49142745
3336,13.41853494
3337,43.58110888
3338,23.40619453
3339,35.62034985
3340,-21.446239
3341,15.27219674
3342,-8.602916892
3343,10.7901769
3344,16.97498955
3345,20.26359654
3346,13.97939338
3347,-5.681994589
3348,65.82618258
3349,18.090665
3350,-51.53934341
3351,-108.3175924
3352,35.84625389
3353,2.890232967
3354,49.48805324
3355,-1.279052712
3356,115.0026142
3357,0.858999733
3358,14.78019437
3359,54.00067392
3360,4.280943364
3361,36.4542622
3362,38.70590064
3363,29.17483976
3364,-2.327738401
3365,-50.63218891
3366,61.35178627
3367,54.58326897
3368,14.56570965
3369,-10.72913713
3370,-26.95205987
3371,-9.927265146
3372,34.34067729
3373,-56.64296293
3374,-108.968905
3375,60.72908483
3376,12.66117121
3377,34.21457709
3378,-48.06836134
3379,51.46493806
3380,-28.55892623
3381,44.64086604
3382,-53.87733963
3383,-37.00493002
3384,9.723774119
3385,71.46202248
3386,-60.83713106
3387,-64.62929675
3388,-82.12413805
3389,22.39536006
3390,30.68797413
3391,24.26180902
3392,33.24957906
3393,17.25973072
3394,-78.81196181
3395,-22.39209131
3396,19.67641668
3397,2.30988351
3398,-63.84928944
3399,-5.546119697
3400,-70.79810869
3401,-20.59261349
3402,-36.98768164
3403,-31.98853193
3404,44.74234746
3405,-64.10378782
3406,21.88057852
3407,-45.67051471
3408,21.49592283
3409,-72.70622901
3410,-24.85514611
3411,76.14335531
3412,-31.03251088
3413,0.443596171
3414,-12.18953436
3415,-3.848259924
3416,-51.17431666
3417,-14.61141584
3418,-74.86563233
3419,70.44377464
3420,96.57727784
3421,58.2779134
3422,-2.222076538
3423,104.118236
3424,6.513062487
3425,-43.25599759
3426,-8.546182094
3427,-3.814296068
3428,-23.70672376
3429,25.38796884
3430,7.40867235
3431,-98.47825415
3432,54.15812779
3433,22.49776546
3434,19.64959377
3435,-60.47559947
3436,-32.25855397
3437,-58.36150258
3438,-4.556139635
3439,17.31192665
3440,-47.29804472
3441,-24.77974239
3442,1.796963349
3443,108.4619352
3444,69.66692285
3445,-85.7886905
3446,-0.86893177
3447,-7.307725305
3448,66.72152699
3449,-41.4696678
3450,-28.88682473
3451,-90.24569331
3452,-5.327740065
3453,67.86008459
3454,17.29202754
3455,49.00503342
3456,36.08481715
3457,7.593917089
3458,-17.63407081
3459,59.62773066
3460,-1.583120593
3461,-78.79302845
3462,56.15217589
3463,-3.589886076
3464,-52.98351782
3465,55.64915215
3466,-13.46920896
3467,-18.59641304
3468,13.13912304
3469,34.09985916
3470,138.0040419
3471,-52.59933212
3472,9.282765516
3473,-5.231543985
3474,-1.127045571
3475,-90.42990099
3476,17.79159855
3477,-1.001800609
3478,32.88882793
3479,-76.85399945
3480,-3.082564641
3481,120.1152783
3482,-10.28728324
3483,65.42411103
3484,29.82859792
3485,54.98388989
3486,18.4306516
3487,50.46741168
3488,47.045835
3489,-15.50593026
3490,-114.1574679
3491,103.9759993
3492,47.32534329
3493,93.45464122
3494,34.76938768
3495,-53.30096053
3496,53.28633864
3497,-53.43125695
3498,29.24894704
3499,47.67954806
3500,53.73217424
3501,25.38951306
3502,-38.44773831
3503,8.658455879
3504,-25.77200565
3505,-88.18766227
3506,-48.63983589
3507,31.44707696
3508,-6.258481933
3509,61.06569064
3510,3.37425296
3511,13.50938035
3512,20.22888262
3513,-41.58274103
3514,-80.18842976
3515,-8.36440098
3516,-38.01155565
3517,-72.55317747
3518,-70.56040099
3519,59.19881819
3520,28.1562453
3521,34.96637644
3522,-56.03530404
3523,17.67638423
3524,25.09048011
3525,18.31777049
3526,18.44857793
3527,15.48618605
3528,-37.82205218
3529,-32.76546363
3530,17.17245089
3531,8.119065142
3532,68.58543381
3533,-90.76528443
3534,-26.41131681
3535,33.23474255
3536,-122.1587626
3537,17.33092241
3538,52.08581791
3539,34.98272618
3540,-57.33223951
3541,11.90563034
3542,64.45709437
3543,43.94520404
3544,70.83865192
3545,-13.26355973
3546,45.42584742
3547,5.24760693
3548,-60.40279509
3549,28.68603701
3550,64.78040936
3551,132.85076
3552,22.86082066
3553,2.601164909
3554,37.30717775
3555,64.0214191
3556,-38.9434926
3557,-10.55651839
3558,72.20588171
3559,-81.36321014
3560,103.5525899
3561,77.54846535
3562,-16.57912377
3563,-5.789292133
3564,-2.207395496
3565,19.3386772
3566,68.61526264
3567,37.05357737
3568,-75.39256796
3569,-0.501722504
3570,26.71856102
3571,-48.56354259
3572,64.16247112
3573,26.39549401
3574,-15.91961819
3575,25.76685392
3576,13.10496468
3577,31.0536586
3578,-3.529172574
3579,-47.81834285
3580,-50.27782871
3581,30.1431084
3582,45.19726723
3583,-11.80567743
3584,-52.23641459
3585,84.47351904
3586,50.19517674
3587,-19.06236131
3588,-34.93644166
3589,-35.15730858
3590,-27.48764903
3591,-36.35061479
3592,-77.05338743
3593,-13.94811665
3594,-79.47865841
3595,-12.10389563
3596,-0.261627378
3597,22.53421826
3598,-35.74031313
3599,82.29890553
3600,-17.60902629
3601,33.48947308
3602,3.31732045
3603,52.67399365
3604,-3.019944579
3605,39.08368778
3606,2.249587946
3607,10.58435004
3608,-22.36570938
3609,18.11049958
3610,-7.863867847
3611,-15.68819105
3612,-34.45740278
3613,22.74367933
3614,-11.1736134
3615,12.71796454
3616,-39.89240197
3617,-24.98087689
3618,-8.942343676
3619,88.76694699
3620,56.86610629
3621,-50.45217069
3622,113.236543
3623,3.11122154
3624,-35.3167184
3625,-110.6250656
3626,80.24594934
3627,-14.41310445
3628,134.3971147
3629,66.48146126
3630,87.67060507
3631,-10.52841143
3632,-13.00676377
3633,-5.706128229
3634,31.78186971
3635,-14.41883007
3636,-23.7852879
3637,-11.59415009
3638,34.21095432
3639,-33.6707736
3640,-13.97182404
3641,-85.40268746
3642,-26.143316
3643,33.98702516
3644,-14.79595054
3645,38.67858701
3646,16.6754511
3647,-13.19813971
3648,-4.111917117
3649,-33.73770704
3650,-99.36405316
3651,1.796116969
3652,45.681919
3653,106.6453653
3654,-13.43672284
3655,51.50634364
3656,64.99775551
3657,-5.480901322
3658,-77.90877807
3659,-96.81916218
3660,3.83346416
3661,-33.98363644
3662,-17.69292824
3663,112.6837898
3664,57.92341453
3665,-21.82811372
3666,40.22710394
3667,-3.253383198
3668,-75.39662686
3669,-51.94487402
3670,39.25597103
3671,10.69891479
3672,41.16891571
3673,-140.4870626
3674,18.34622986
3675,61.54837874
3676,105.1628239
3677,-39.32728102
3678,61.18470704
3679,37.88448473
3680,31.86100448
3681,-36.87899477
3682,-4.32851414
3683,68.40797414
3684,-15.45162579
3685,19.68554123
3686,-39.32753352
3687,-92.77169922
3688,22.700467
3689,-26.01655306
3690,53.38284446
3691,-45.13694344
3692,91.2775388
3693,-3.203838488
3694,-31.01286808
3695,-3.551761546
3696,-34.39914992
3697,-56.835048
3698,73.12601552
3699,66.62146026
3700,47.12621389
3701,-21.74522096
3702,-4.519702029
3703,-30.11340517
3704,-41.24877121
3705,69.11236166
3706,-53.1135508
3707,18.80822571
3708,58.00411663
3709,-23.54289205
3710,-2.642554114
3711,-25.10954262
3712,-78.66432469
3713,-12.3639352
3714,-20.17323929
3715,60.9314946
3716,75.15488469
3717,-58.60046338
3718,-43.58211385
3719,65.87725408
3720,46.43870849
3721,-58.50519166
3722,36.271716
3723,-143.9363121
3724,-27.66430109
3725,-125.992827
3726,-2.541190565
3727,-36.73735243
3728,36.64207235
3729,-15.64381767
3730,0.060715576
3731,-126.5728419
3732,49.72293151
3733,4.287728582
3734,26.09960251
3735,53.59094866
3736,35.0878871
3737,-2.293939562
3738,11.65505839
3739,-19.14901653
3740,-57.54751476
3741,-11.04449795
3742,-95.04153831
3743,79.02901285
3744,87.81570281
3745,1.014328666
3746,-62.18884439
3747,-9.784545511
3748,34.99295819
3749,-48.58404296
3750,-10.07525662
3751,64.70371308
3752,-28.16958189
3753,20.04475718
3754,-22.56364787
3755,51.94613008
3756,40.19631624
3757,67.75685033
3758,47.09016985
3759,52.96975075
3760,-28.04105757
3761,51.36526942
3762,10.09724091
3763,35.99098729
3764,92.59777608
3765,-33.84790448
3766,115.4981585
3767,1.91518105
3768,-32.29031527
3769,-67.12726183
3770,-85.8513488
3771,-9.106257212
3772,46.60709123
3773,-94.49487062
3774,-0.378786677
3775,-7.350156188
3776,90.61418603
3777,1.822354707
3778,-14.8932959
3779,82.87117378
3780,-9.905645786
3781,7.141343787
3782,-12.48542196
3783,116.1113571
3784,-61.30551114
3785,32.45526163
3786,11.16239223
3787,-36.42090418
3788,43.33860892
3789,-76.94140396
3790,-48.00711553
3791,18.53764561
3792,25.49492624
3793,44.70136949
3794,-51.57382941
3795,-61.31397595
3796,54.52751328
3797,133.5348969
3798,-19.74828919
3799,31.12482906
3800,35.39026835
3801,69.4774262
3802,89.42547043
3803,17.23557921
3804,-23.5770373
3805,80.55186511
3806,-147.9561071
3807,-62.01417431
3808,-64.57997779
3809,-38.27908164
3810,4.528467262
3811,-64.02815803
3812,-46.07750351
3813,-82.71259245
3814,50.45527956
3815,-11.20654438
3816,-65.28782936
3817,-17.12847928
3818,25.43368972
3819,-12.39419134
3820,-57.79085571
3821,-7.731690155
3822,22.8278437
3823,-49.51205097
3824,-17.94036725
3825,35.47939551
3826,38.97412391
3827,20.81906578
3828,64.39277755
3829,36.22788225
3830,26.84981192
3831,-26.94657581
3832,4.286741463
3833,-67.51135609
3834,-49.47634077
3835,-41.94292016
3836,34.46196212
3837,2.482207758
3838,-10.44141574
3839,-48.02685412
3840,-4.051877184
3841,-10.76569831
3842,27.88805375
3843,24.6192778
3844,36.46298198
3845,107.9145296
3846,5.651665649
3847,8.667047953
3848,-78.96656832
3849,-3.133865632
3850,9.206282544
3851,-22.1601501
3852,53.4161931
3853,-67.20148077
3854,76.05128026
3855,24.45411402
3856,-132.7776768
3857,88.89998173
3858,-37.09822052
3859,-129.9344685
3860,-3.385797988
3861,-119.013048
3862,46.68746718
3863,-58.34010541
3864,23.86304372
3865,76.8461747
3866,27.78515833
3867,41.9356263
3868,-41.8662662
3869,-131.5784712
3870,-63.17549992
3871,7.451172466
3872,35.61412566
3873,41.58292247
3874,47.26952671
3875,-38.38188913
3876,-40.58841912
3877,15.57791905
3878,-119.357758
3879,46.47043349
3880,42.94846813
3881,44.48786362
3882,64.42165492
3883,121.9940825
3884,-13.94819943
3885,58.21605753
3886,-16.19756835
3887,-17.15962151
3888,-5.061441127
3889,64.35980477
3890,5.755152769
3891,-81.90865678
3892,-13.94215486
3893,15.13535734
3894,-3.687172981
3895,-38.4965002
3896,16.60767224
3897,-27.8524184
3898,8.904708491
3899,5.216768802
3900,-61.13191387
3901,-35.03559998
3902,-118.4429431
3903,-49.99269661
3904,58.71512525
3905,31.60831826
3906,-14.44647809
3907,-3.812456804
3908,21.35790413
3909,-76.52322508
3910,-5.39907007
3911,4.231892283
3912,-101.6982521
3913,-27.63343083
3914,18.64922962
3915,-39.97410719
3916,-21.20289438
3917,-70.00480437
3918,88.24067145
3919,-130.5398579
3920,-39.87225056
3921,-45.80452921
3922,-1.720701456
3923,76.28840125
3924,16.27598064
3925,67.6320999
3926,87.4920107
3927,-63.24655542
3928,-44.10278619
3929,90.48860585
3930,-16.85538106
3931,15.99161191
3932,92.53480063
3933,-31.86115995
3934,-27.58088437
3935,-24.85009714
3936,109.1789879
3937,28.50085726
3938,-66.74714689
3939,-37.43410269
3940,-95.17705439
3941,-31.30258734
3942,14.23106616
3943,44.02256313
3944,-0.47097821
3945,11.40129604
3946,-29.04923441
3947,-23.76529051
3948,99.33566921
3949,110.6324888
3950,31.21458416
3951,-43.38061171
3952,-42.06760957
3953,-23.54874171
3954,-34.39979285
3955,-9.456307608
3956,141.4779307
3957,-134.797989
3958,62.59914077
3959,4.259214886
3960,88.88337777
3961,84.24504668
3962,-28.40300645
3963,10.5435504
3964,-3.799952396
3965,-18.29359011
3966,60.16890918
3967,-37.01863273
3968,30.21080641
3969,19.48734842
3970,1.283848834
3971,-2.965897916
3972,28.48698669
3973,-67.11482805
3974,31.86005577
3975,10.26999402
3976,60.60111265
3977,-76.84626608
3978,-31.01153485
3979,-2.220392218
3980,46.78313224
3981,-101.4216247
3982,-7.212865522
3983,-25.5257471
3984,27.80143771
3985,-24.63050538
3986,3.676844625
3987,11.13210931
3988,-37.32495367
3989,-123.1371445
3990,24.05338967
3991,-108.4972238
3992,11.07334182
3993,19.68339408
3994,-18.31827025
3995,88.63711586
3996,16.71440956
3997,-13.98554539
3998,-37.3303439
3999,10.05019247
4000,28.16064853
4001,-38.39874748
4002,-100.9679059
4003,25.92155035
4004,-37.34333727
4005,-41.96540191
4006,-18.49197061
4007,-82.94484747
4008,-8.357252375
4009,10.1578249
4010,76.14333083
4011,19.44255193
4012,-72.74335654
4013,5.762571586
4014,-78.36766905
4015,-0.93476667
4016,-55.77095872
4017,13.33034025
4018,22.35915543
4019,-45.45765753
4020,-74.37940204
4021,18.8447914
4022,2.840042513
4023,-85.63049942
4024,-7.076589867
4025,23.87926771
4026,-34.96883611
4027,-13.36779691
4028,12.77050606
4029,-27.40841435
4030,0.439569236
4031,2.209758428
4032,2.303686892
4033,-19.83854682
4034,90.55215794
4035,-38.46147226
4036,-96.25891855
4037,-15.58393763
4038,56.47169787
4039,-63.64434614
4040,75.74244316
4041,-51.57102487
4042,7.411791045
4043,-25.4008821
4044,81.94597102
4045,66.58558958
4046,84.57001753
4047,-49.70629506
4048,9.583289602
4049,-29.03074466
4050,-52.6154128
4051,-29.39153808
4052,18.14818631
4053,2.288171651
4054,64.41023984
4055,-4.097949649
4056,-100.9020852
4057,-59.50656786
4058,20.38820417
4059,-60.10309386
4060,-60.27783791
4061,92.8834268
4062,-89.46921031
4063,-72.84505266
4064,58.92424692
4065,30.86860639
4066,-114.4835686
4067,-27.26888501
4068,61.10030866
4069,-18.8404225
4070,35.74764673
4071,-12.82763494
4072,-25.28081999
4073,-14.00015213
4074,40.34563139
4075,58.8105022
4076,14.9671559
4077,65.32459699
4078,-42.21168893
4079,-23.47793978
4080,-3.474301447
4081,-5.739683713
4082,30.32433334
4083,0.148041139
4084,4.246095013
4085,67.37957133
4086,-19.24923258
4087,54.42260802
4088,-108.5017237
4089,33.32474179
4090,22.69193375
4091,-12.62939423
4092,79.72300056
4093,-6.778791639
4094,63.17875835
4095,-27.86915932
4096,47.34572706
4097,-52.07489417
4098,24.16485112
4099,-52.92697617
4100,-54.33524338
4101,21.01592657
4102,6.469885507
4103,-95.72910885
4104,76.39061635
4105,26.03983423
4106,-54.41606287
4107,63.48316425
4108,36.83042312
4109,62.40046221
4110,22.49585877
4111,-20.94442341
4112,-62.67223225
4113,17.9555239
4114,-79.79443268
4115,25.21836337
4116,-56.10167231
4117,-50.01566646
4118,-6.303726523
4119,24.0280541
4120,-59.28464744
4121,-18.89749449
4122,46.85161552
4123,6.262636992
4124,0.463490789
4125,-29.45868852
4126,-25.53151153
4127,-65.79217073
4128,4.937305626
4129,-59.7526756
4130,75.3774876
4131,-22.25633572
4132,71.82094015
4133,90.35071406
4134,-118.7338154
4135,43.75108672
4136,-60.50758999
4137,11.32162019
4138,7.220803267
4139,93.21158484
4140,17.07152895
4141,-23.78391529
4142,-64.10124789
4143,17.82743806
4144,-76.89863173
4145,-78.84953037
4146,-67.07309438
4147,42.99947627
4148,50.48288705
4149,-63.25331646
4150,-22.18612253
4151,-45.19694157
4152,-12.33855725
4153,-45.02815192
4154,-18.96812769
4155,-17.49148225
4156,-58.68383249
4157,-92.56593983
4158,-58.62664415
4159,3.697174005
4160,29.56698283
4161,23.19768365
4162,69.57197681
4163,76.14083399
4164,101.652389
4165,108.3902856
4166,-68.37590988
4167,-9.066785233
4168,86.18125966
4169,3.573689641
4170,-105.7339434
4171,78.5392687
4172,-0.494015685
4173,-15.29111516
4174,22.36459169
4175,108.9815008
4176,35.62040917
4177,-2.338041419
4178,-75.01087891
4179,35.84368105
4180,17.25871227
4181,-22.06278721
4182,-116.9754847
4183,-3.072895777
4184,30.87155252
4185,13.48405281
4186,2.54287658
4187,28.40048267
4188,-69.66050215
4189,-58.16694619
4190,-31.60749035
4191,-13.10743625
4192,-57.76624539
4193,6.552147545
4194,31.74575262
4195,-10.29173432
4196,-2.818446518
4197,55.03728288
4198,8.537845614
4199,-60.50607647
4200,3.053525846
4201,24.86989693
4202,-60.27163318
4203,21.87355871
4204,14.66904758
4205,-104.8676852
4206,-30.71357501
4207,31.69285609
4208,-25.58647141
4209,-83.89534626
4210,-95.58995724
4211,90.97071568
4212,33.81554729
4213,71.78960734
4214,-26.36752825
4215,-21.36002531
4216,-29.23257501
4217,6.698740523
4218,-30.76101974
4219,81.02255664
4220,33.09649426
4221,-51.6683628
4222,-55.20497385
4223,-33.75958634
4224,-59.90938834
4225,-40.65301617
4226,-3.707198072
4227,-19.64222558
4228,-48.17673363
4229,1.708078377
4230,-5.644729465
4231,-11.9330354
4232,-49.15131497
4233,-54.25597572
4234,-18.4918334
4235,70.62821312
4236,-94.11582703
4237,16.93581601
4238,41.59881817
4239,-96.59908582
4240,27.77058871
4241,49.60788183
4242,17.82919436
4243,12.62134692
4244,48.33452965
4245,-46.0335844
4246,54.06364936
4247,49.25840657
4248,-27.77938636
4249,91.89955337
4250,0.925719924
4251,-24.6245694
4252,31.32720058
4253,-1.093052606
4254,-18.08067048
4255,22.883131
4256,-24.85671749
4257,-13.33997078
4258,27.27326025
4259,27.92200909
4260,-14.0718553
4261,-67.31486418
4262,-49.66756121
4263,-38.24067448
4264,29.85717962
4265,75.51049484
4266,81.3780205
4267,-35.05507194
4268,7.919957145
4269,27.66360004
4270,-19.72578518
4271,-127.3057889
4272,43.61203286
4273,3.243006098
4274,-94.85560489
4275,-25.44047116
4276,-32.93030764
4277,-7.863766888
4278,-7.506146928
4279,-50.10042791
4280,37.86461516
4281,-11.15284927
4282,-66.08365683
4283,20.98043637
4284,-15.93553806
4285,-6.832187873
4286,-68.46050646
4287,-35.81412226
4288,4.375900134
4289,-142.3417448
4290,41.21856373
4291,6.980240621
4292,-2.373453268
4293,33.11281159
4294,29.25745131
4295,-36.92351838
4296,-38.80693835
4297,-7.423633469
4298,16.26089578
4299,-5.111774799
4300,8.508089857
4301,-72.85184133
4302,28.02242497
4303,-26.91003707
4304,-39.45250312
4305,35.10426359
4306,-26.49147643
4307,-0.040526082
4308,6.22205131
4309,-29.86619407
4310,12.99019506
4311,-49.83318711
4312,-43.15024437
4313,-3.091689598
4314,11.39167832
4315,43.08520087
4316,-5.633895339
4317,59.03125036
4318,-20.59008607
4319,50.81742434
4320,-57.05380781
4321,-14.67963727
4322,32.0507119
4323,131.1159938
4324,0.029958233
4325,-16.33984892
4326,-9.095964414
4327,26.27857922
4328,3.85644489
4329,27.98757642
4330,50.02740139
4331,39.98812519
4332,-49.34251736
4333,48.66521025
4334,-42.4912693
4335,38.15425258
4336,17.1286551
4337,34.77318831
4338,43.10762702
4339,117.9570404
4340,13.63299821
4341,-43.52819058
4342,-64.31094607
4343,125.4508132
4344,0.39811768
4345,-12.933415
4346,9.234732749
4347,-20.95715061
4348,29.20929516
4349,64.56505627
4350,-12.94160117
4351,55.49941313
4352,27.50779793
4353,-25.07718067
4354,-40.12221879
4355,-79.56332446
4356,-54.29816396
4357,-0.149072849
4358,-33.67428583
4359,6.765425941
4360,47.73900025
4361,-7.876722182
4362,-80.02647939
4363,18.88529956
4364,-53.32848236
4365,-11.93021808
4366,-21.6000256
4367,9.567780523
4368,60.48322304
4369,-33.46733963
4370,-40.97094475
4371,-11.95180334
4372,-105.6265105
4373,40.99094915
4374,3.774213635
4375,7.61986552
4376,88.56351208
4377,-41.79251986
4378,14.32555314
4379,-33.26125521
4380,39.89320043
4381,59.10910115
4382,37.45431867
4383,83.26078961
4384,-3.783363006
4385,7.486364947
4386,88.81508427
4387,7.970155148
4388,37.52319455
4389,29.80239477
4390,-52.9115317
4391,-9.023984463
4392,5.270290512
4393,10.17199603
4394,-65.43070025
4395,72.81913758
4396,9.835487324
4397,-44.9748423
4398,0.354216741
4399,53.052981
4400,0.954856377
4401,9.913185435
4402,-9.864262237
4403,91.50569177
4404,-21.29401763
4405,15.00820122
4406,98.53458949
4407,52.53478348
4408,78.13079777
4409,-44.781768
4410,-20.0435238
4411,52.52922816
4412,3.971397638
4413,-8.31807374
4414,-20.66309858
4415,-16.99071098
4416,58.03026041
4417,-10.6052634
4418,34.40442086
4419,-66.87908414
4420,51.24053917
4421,-20.0703532
4422,-30.27856942
4423,-15.85457306
4424,-100.9436851
4425,24.73999801
4426,-61.82967721
4427,106.7252978
4428,-14.80419916
4429,-65.64767992
4430,25.32590032
4431,70.4914967
4432,-19.05213691
4433,-36.93336946
4434,40.00154592
4435,68.1171078
4436,-27.94251289
4437,-2.784243427
4438,11.69700288
4439,24.24040922
4440,36.09067535
4441,-20.84657986
4442,-80.00748315
4443,-43.36519229
4444,-4.954859387
4445,13.95355434
4446,2.955963851
4447,-37.58263046
4448,-53.25047664
4449,19.62101515
4450,96.49977202
4451,-35.96120713
4452,-75.15841694
4453,-32.08298472
4454,-28.99924519
4455,16.76353107
4456,6.534521799
4457,-20.87273518
4458,-14.18638338
4459,42.17749321
4460,24.77249476
4461,-20.99486752
4462,-54.18982789
4463,-3.622105642
4464,-21.88251714
4465,23.37522983
4466,-55.1168225
4467,25.93880666
4468,-80.68238632
4469,1.849951287
4470,-17.74021866
4471,-27.18125117
4472,-5.121248102
4473,69.06473498
4474,-59.46897886
4475,-73.67485133
4476,-22.14110261
4477,56.5159643
4478,17.68963346
4479,-3.999192232
4480,-50.57057683
4481,0.196269644
4482,12.22895076
4483,-28.31742752
4484,173.0836544
4485,-8.324622002
4486,-3.880059128
4487,-71.67663614
4488,-61.28154229
4489,-53.1546769
4490,-3.888284977
4491,-60.36671725
4492,-36.17284787
4493,88.18864356
4494,30.70935347
4495,-20.01656203
4496,-25.82381906
4497,40.57791009
4498,-18.91455858
4499,1.720328136
4500,-94.41084704
4501,56.73558047
4502,51.31392677
4503,-10.61612439
4504,-17.69356228
4505,-23.25022655
4506,15.55785311
4507,-16.76133372
4508,-5.254930392
4509,32.75362441
4510,-9.943629832
4511,32.37087487
4512,41.7782104
4513,-55.35278706
4514,90.8297971
4515,-18.77329924
4516,136.249994
4517,-5.109099293
4518,42.06336302
4519,18.21127353
4520,-48.59380351
4521,43.58733259
4522,50.77255291
4523,-91.06846046
4524,76.74913299
4525,22.7557878
4526,-2.190925176
4527,-45.60772863
4528,-44.97268824
4529,-55.95194759
4530,-15.33579994
4531,88.96164372
4532,-29.24621317
4533,-50.05333971
4534,33.68906413
4535,-0.313535357
4536,80.35376494
4537,-30.01283276
4538,38.77428652
4539,-75.85639915
4540,30.64061632
4541,-40.02164738
4542,21.65715646
4543,76.22745392
4544,-42.74725977
4545,40.89600054
4546,-1.673146843
4547,-1.372226289
4548,53.44513827
4549,-9.961488476
4550,30.82527357
4551,-70.82862841
4552,24.64141578
4553,18.89468546
4554,-8.906580147
4555,-1.584182001
4556,23.5504002
4557,5.455926243
4558,54.05056949
4559,-39.32778108
4560,6.05626012
4561,-18.12085162
4562,22.13207204
4563,-50.44324166
4564,35.80785567
4565,7.660530622
4566,53.19506179
4567,24.07720696
4568,-16.63365092
4569,-0.550827788
4570,75.01892947
4571,-46.06088129
4572,-32.32866476
4573,-25.08234662
4574,-23.15186527
4575,43.5944992
4576,17.72820686
4577,4.93420801
4578,-5.642144391
4579,-57.5124595
4580,-20.17703002
4581,-41.69635642
4582,-17.23826156
4583,15.85553289
4584,-6.804086402
4585,-25.32430072
4586,-6.053081964
4587,42.60773775
4588,-66.43703364
4589,-77.30415329
4590,-62.2484151
4591,-13.32124124
4592,-15.75097815
4593,-35.83785921
4594,-38.99317281
4595,-65.71917293
4596,2.970932302
4597,-2.999644654
4598,-25.97496215
4599,97.96780614
4600,30.48450237
4601,88.54073549
4602,19.54575017
4603,43.75222623
4604,26.92982473
4605,-108.3565092
4606,35.13074196
4607,0.819998773
4608,-96.54927394
4609,-11.61618879
4610,40.22619304
4611,-50.6421458
4612,4.706710565
4613,-27.07497196
4614,-28.44442422
4615,-22.49823396
4616,26.02669805
4617,8.831579803
4618,116.75696
4619,-32.16387174
4620,-19.94176285
4621,5.234345578
4622,54.37777013
4623,25.18682606
4624,-57.77785512
4625,59.74961093
4626,5.276671815
4627,-78.048364
4628,-25.83259164
4629,74.11033523
4630,-3.352526878
4631,-24.88737435
4632,-6.519504093
4633,-27.14504475
4634,-92.25453932
4635,-19.39479435
4636,-43.74338648
4637,75.99298719
4638,-24.26589206
4639,-36.65764162
4640,-54.20346005
4641,-33.52681777
4642,-73.31305459
4643,-13.67784488
4644,33.60165695
4645,7.510305685
4646,71.25904841
4647,25.43290641
4648,64.35607148
4649,-40.09695581
4650,53.49694071
4651,59.17938624
4652,52.49190739
4653,-79.28195753
4654,-102.2051142
4655,-3.029729033
4656,52.04121438
4657,-23.95232962
4658,-1.836213284
4659,0.267900477
4660,-6.938356117
4661,24.29327079
4662,-77.25789966
4663,-11.05460799
4664,-93.12541774
4665,-23.24328715
4666,46.69516528
4667,31.11287021
4668,-31.11242727
4669,-61.77028244
4670,-50.30484243
4671,-61.85737531
4672,21.55874444
4673,-24.02460763
4674,27.059406
4675,18.26038913
4676,33.88108225
4677,38.7147462
4678,10.76085596
4679,-1.657672547
4680,-60.11589674
4681,43.37134873
4682,-78.30287752
4683,31.84419885
4684,62.43127184
4685,-81.3976748
4686,59.59404218
4687,3.009359513
4688,70.32692797
4689,-24.16390959
4690,39.70301554
4691,39.42476617
4692,-71.98123955
4693,-28.96869366
4694,-74.67779032
4695,108.011574
4696,87.87170667
4697,-10.56514048
4698,10.96586681
4699,70.48314135
4700,83.33224515
4701,-81.63269509
4702,60.91275716
4703,-45.41067886
4704,-32.05793433
4705,14.84018568
4706,-9.363523926
4707,56.18334688
4708,-92.65946511
4709,-10.12257429
4710,76.21203473
4711,32.85948158
4712,-24.49363278
4713,-1.759985768
4714,14.55436822
4715,-49.83116612
4716,-51.08215531
4717,-5.498433982
4718,-8.554307418
4719,56.91789584
4720,-59.47313842
4721,-17.10663297
4722,-20.62485804
4723,-1.159690477
4724,-15.54059151
4725,15.76882289
4726,14.15716944
4727,-6.585645994
4728,-34.64668902
4729,-7.597239692
4730,12.08100311
4731,-24.61634069
4732,-41.78809103
4733,27.61106156
4734,144.5314205
4735,27.1170786
4736,-54.40161396
4737,-35.2516887
4738,13.09305654
4739,-42.65056833
4740,-37.35014198
4741,9.014716797
4742,25.26263075
4743,80.20673834
4744,-77.49322218
4745,98.41817955
4746,54.3330254
4747,-24.55560234
4748,101.5102284
4749,42.09048334
4750,-3.226187825
4751,50.81306467
4752,-44.13742975
4753,69.00296802
4754,-57.07899651
4755,-31.42303197
4756,-7.650984737
4757,-27.34459428
4758,-50.15433435
4759,-62.6743422
4760,20.30345656
4761,-133.3724518
4762,-63.90551996
4763,3.946147636
4764,26.79589597
4765,-29.07767014
4766,-7.252118985
4767,-2.59845625
4768,-48.39741068
4769,-39.43409284
4770,60.03148281
4771,39.92969491
4772,-23.72428874
4773,37.77871082
4774,-40.21519802
4775,-1.765203162
4776,26.29270088
4777,46.2001506
4778,2.824072302
4779,22.25575732
4780,74.21355624
4781,-41.38132185
4782,77.69105165
4783,19.62316168
4784,-40.46673167
4785,-78.74081118
4786,135.3941385
4787,-45.53212248
4788,4.877389541
4789,-35.91805111
4790,0.476992903
4791,-69.84809974
4792,77.24341062
4793,-4.690674276
4794,61.31927149
4795,-85.06745068
4796,93.08116479
4797,82.95718537
4798,3.762280668
4799,55.20369631
4800,-71.50243902
4801,53.36412737
4802,30.10970456
4803,-33.90488336
4804,59.6201614
4805,19.96119501
4806,-54.75576438
4807,103.8310951
4808,5.079253329
4809,-3.797883171
4810,-49.04027923
4811,17.49695573
4812,18.12344009
4813,38.34429269
4814,74.7823886
4815,-56.10894536
4816,-39.83797261
4817,27.22977732
4818,-116.0201107
4819,2.897203623
4820,10.09982352
4821,16.4876101
4822,-0.161793448
4823,33.87476561
4824,6.477600189
4825,-53.83011365
4826,0.806451269
4827,-73.31560716
4828,7.173978576
4829,-58.26666846
4830,62.87545676
4831,7.483088401
4832,-24.08001443
4833,-5.354970044
4834,17.57723305
4835,1.793808097
4836,-14.30098649
4837,-56.1316119
4838,18.50979841
4839,-51.76298412
4840,54.89332791
4841,28.6811525
4842,-65.65884199
4843,-1.420624877
4844,17.89485063
4845,30.37042411
4846,39.13786459
4847,63.86047915
4848,-33.06300733
4849,33.87199466
4850,-28.03240026
4851,54.86562381
4852,-31.81336486
4853,32.39158467
4854,29.84592407
4855,-14.04455048
4856,67.66528744
4857,41.42141549
4858,-8.475138571
4859,-72.35972825
4860,-103.2748698
4861,40.64952439
4862,102.9610474
4863,24.9238914
4864,-20.46602222
4865,14.02425926
4866,-39.64231353
4867,-5.916261311
4868,-26.39260082
4869,-24.21215609
4870,-54.17156817
4871,14.59919198
4872,9.173069414
4873,-5.847513932
4874,10.23086268
4875,114.2500262
4876,-14.17505864
4877,38.44587742
4878,-0.206191949
4879,15.394942
4880,22.47003468
4881,-15.35266057
4882,59.04122521
4883,-35.55976328
4884,19.23775292
4885,10.9516781
4886,72.79425253
4887,52.43221535
4888,-48.66951432
4889,-6.475569714
4890,-9.409165777
4891,3.161355561
4892,-20.21447489
4893,31.15961748
4894,-46.23935431
4895,-44.352639
4896,37.29671863
4897,9.614280985
4898,24.55503834
4899,82.92503256
4900,23.41007448
4901,12.67859912
4902,-86.61096225
4903,8.847642374
4904,-23.60375626
4905,-4.697569801
4906,-23.16624375
4907,45.72527958
4908,-15.49544855
4909,-23.71291296
4910,-71.0049556
4911,-30.03852492
4912,-5.202759885
4913,-22.66409562
4914,-92.65237697
4915,-31.74235499
4916,32.88208912
4917,37.57473595
4918,-67.15544329
4919,-28.73388412
4920,24.58453429
4921,52.96677067
4922,9.484328082
4923,36.56702806
4924,60.23109923
4925,-44.3431907
4926,40.18333416
4927,14.41937182
4928,-35.90452972
4929,-23.63714943
4930,42.18088139
4931,58.5890308
4932,-16.74192983
4933,28.53212112
4934,-29.32598978
4935,-12.55533121
4936,34.09596763
4937,72.39358826
4938,6.144267523
4939,-15.98717362
4940,-24.3354567
4941,70.62971066
4942,-57.53046254
4943,-5.599200342
4944,55.55185081
4945,-24.76435597
4946,29.46636715
4947,-10.81657511
4948,22.34806608
4949,-23.11806778
4950,51.50394882
4951,-84.11664375
4952,3.288197341
4953,-55.31280875
4954,-42.35176004
4955,49.49268924
4956,-25.9978261
4957,32.80741643
4958,64.46678367
4959,-30.60164591
4960,46.80821638
4961,24.41147548
4962,-11.88598289
4963,-9.703407241
4964,79.15878954
4965,2.588646579
4966,45.8144164
4967,86.92832116
4968,26.13417575
4969,24.56654708
4970,43.78085298
4971,-2.630233276
4972,-70.26645148
4973,-76.08107787
4974,1.156412602
4975,27.02750444
4976,46.53565545
4977,-2.9047436
4978,48.88538032
4979,-2.941042341
4980,-66.26867777
4981,-28.87452802
4982,-88.54045035
4983,-79.61950749
4984,63.26661182
4985,112.6106322
4986,-33.50724958
4987,-13.21697428
4988,56.15339273
4989,32.43148204
4990,-48.56411361
4991,-21.57606527
4992,-115.3538261
4993,63.05252859
4994,109.2696392
4995,117.9968563
4996,74.16688198
4997,135.7202927
4998,11.23135982
4999,-9.049293785